original_file,new_location,type,joinable_guess,ocr_quality_guess,text_characters_extracted
Extraction_Aleem.pdf,./sorted_output/Selectable/Not_Joinable/Extraction_Aleem.pdf,Selectable,No,,5513
The-Survivors-Mark-William-Stein-03-28-11.pdf,./sorted_output/Selectable/Not_Joinable/The-Survivors-Mark-William-Stein-03-28-11.pdf,Selectable,No,,4145
The-Mitchells-vs.-The-Machines-Mike-Rianda-Jeff-Rowe-Film.pdf,./sorted_output/Selectable/Not_Joinable/The-Mitchells-vs.-The-Machines-Mike-Rianda-Jeff-Rowe-Film.pdf,Selectable,No,,5612
Challengers-Justin-Kuritzkes-Film.pdf,./sorted_output/Selectable/Not_Joinable/Challengers-Justin-Kuritzkes-Film.pdf,Selectable,No,,6047
Cyrano-Erica-Schmidt-Film.pdf,./sorted_output/Selectable/Not_Joinable/Cyrano-Erica-Schmidt-Film.pdf,Selectable,No,,5199
Meat-Logan-Martin-Film.pdf,./sorted_output/Selectable/Not_Joinable/Meat-Logan-Martin-Film.pdf,Selectable,No,,3767
Here-Lies-Ezra-3-16-12.pdf,./sorted_output/Selectable/Not_Joinable/Here-Lies-Ezra-3-16-12.pdf,Selectable,No,,5901
Paws-Off.pdf,./sorted_output/Selectable/Not_Joinable/Paws-Off.pdf,Selectable,No,,4333
Deprivation-6-13-13-clean.pdf,./sorted_output/Selectable/Not_Joinable/Deprivation-6-13-13-clean.pdf,Selectable,No,,4506
Arrival-Eric-Heisserer-Film-9-19-2012.pdf,./sorted_output/Selectable/Joinable/Arrival-Eric-Heisserer-Film-9-19-2012.pdf,Selectable,Yes,,4394
Breathe-Doug-Simon-Film.pdf,./sorted_output/Selectable/Not_Joinable/Breathe-Doug-Simon-Film.pdf,Selectable,No,,3890
Eden__s-Gate-Patrick-Doody-Chris-Valenziano.pdf,./sorted_output/Selectable/Not_Joinable/Eden__s-Gate-Patrick-Doody-Chris-Valenziano.pdf,Selectable,No,,4657
SummersEnd062212.pdf,./sorted_output/Selectable/Not_Joinable/SummersEnd062212.pdf,Selectable,No,,4385
Water-Tower-The-by-Bobak-Esfarjani.pdf,./sorted_output/Selectable/Not_Joinable/Water-Tower-The-by-Bobak-Esfarjani.pdf,Selectable,No,,5638
The-Red-Pill-Chris-LaMont-Joe-Russo-Film.pdf,./sorted_output/Selectable/Not_Joinable/The-Red-Pill-Chris-LaMont-Joe-Russo-Film.pdf,Selectable,No,,6021
ARMINIUS-Frank-Moll.pdf,./sorted_output/Selectable/Not_Joinable/ARMINIUS-Frank-Moll.pdf,Selectable,No,,6199
Hot-Girl-Summer-Michelle-Askew-Film.pdf,./sorted_output/Selectable/Not_Joinable/Hot-Girl-Summer-Michelle-Askew-Film.pdf,Selectable,No,,4608
THE-AWAKENING-Carly-Feingold-Brooke-Fisher-05_04_11.pdf,./sorted_output/Selectable/Not_Joinable/THE-AWAKENING-Carly-Feingold-Brooke-Fisher-05_04_11.pdf,Selectable,No,,4848
AMBER_Harlow.pdf,./sorted_output/Selectable/Not_Joinable/AMBER_Harlow.pdf,Selectable,No,,5436
Broker-Justin-PIasecki-Film.pdf,./sorted_output/Selectable/Not_Joinable/Broker-Justin-PIasecki-Film.pdf,Selectable,No,,6149
Here_Comes_The_Flood_Simon_Kinberg_05-04-201.pdf,./sorted_output/Selectable/Not_Joinable/Here_Comes_The_Flood_Simon_Kinberg_05-04-201.pdf,Selectable,No,,4185
BRIAN-STOKES-STORY.PDF,./sorted_output/Selectable/Not_Joinable/BRIAN-STOKES-STORY.PDF,Selectable,No,,7495
Red-Skies-Scott-Burn-2-1-11.pdf,./sorted_output/Selectable/Not_Joinable/Red-Skies-Scott-Burn-2-1-11.pdf,Selectable,No,,4984
The-Unbound-Sam-West-Film.pdf,./sorted_output/Selectable/Not_Joinable/The-Unbound-Sam-West-Film.pdf,Selectable,No,,5022
Mr.-Benihana-Chris-Wu-Film.pdf,./sorted_output/Selectable/Not_Joinable/Mr.-Benihana-Chris-Wu-Film.pdf,Selectable,No,,4400
BEDFORD-d-07-29-2024.pdf,./sorted_output/Selectable/Joinable/BEDFORD-d-07-29-2024.pdf,Selectable,Yes,,3867
Code-of-Silence-Michael-Butler-Dennis-Shryack-Mike-Gray-John-Mason-Film-1-1-1985.pdf,./sorted_output/Selectable/Joinable/Code-of-Silence-Michael-Butler-Dennis-Shryack-Mike-Gray-John-Mason-Film-1-1-1985.pdf,Selectable,Yes,,8339
IF-ONLY.pdf,./sorted_output/Selectable/Not_Joinable/IF-ONLY.pdf,Selectable,No,,2970
Cicada-Lillian-Yu-Film.pdf,./sorted_output/Selectable/Not_Joinable/Cicada-Lillian-Yu-Film.pdf,Selectable,No,,4986
agent-ox-03-03-11.pdf,./sorted_output/Selectable/Not_Joinable/agent-ox-03-03-11.pdf,Selectable,No,,4417
The-Haitian-Vacation-Feb-2012.pdf,./sorted_output/Selectable/Joinable/The-Haitian-Vacation-Feb-2012.pdf,Selectable,Yes,,5103
Revolutionary-Road-2008-2nd-Rev-4-19-2006.pdf,./sorted_output/OCR/Obscured_OCR/Revolutionary-Road-2008-2nd-Rev-4-19-2006.pdf,OCR,Unknown,Obscured_OCR,0
CIVILIAN-Mukunda-Michael-Dewil-01-11-11.pdf,./sorted_output/Selectable/Not_Joinable/CIVILIAN-Mukunda-Michael-Dewil-01-11-11.pdf,Selectable,No,,4144
Smoke-and-Mirrors.pdf,./sorted_output/Selectable/Not_Joinable/Smoke-and-Mirrors.pdf,Selectable,No,,5516
Courage-Under-Fire-Patrick-Sheane-Duncan-Film.pdf,./sorted_output/Selectable/Not_Joinable/Courage-Under-Fire-Patrick-Sheane-Duncan-Film.pdf,Selectable,No,,5497
Voices-Michael-R.-Perry-Film-1-28-2009.pdf,./sorted_output/OCR/Obscured_OCR/Voices-Michael-R.-Perry-Film-1-28-2009.pdf,OCR,Unknown,Obscured_OCR,0
The-Reductionist.pdf,./sorted_output/Selectable/Not_Joinable/The-Reductionist.pdf,Selectable,No,,4879
Extractors.pdf,./sorted_output/Selectable/Not_Joinable/Extractors.pdf,Selectable,No,,5549
Yasuke-Stuart-Paul-Film.PDF,./sorted_output/Selectable/Not_Joinable/Yasuke-Stuart-Paul-Film.PDF,Selectable,No,,4072
Hide-and-Seek-Final-Copy-4-17-12-Clean1-1.pdf,./sorted_output/Selectable/Not_Joinable/Hide-and-Seek-Final-Copy-4-17-12-Clean1-1.pdf,Selectable,No,,4655
corrosion4.pdf,./sorted_output/Selectable/Not_Joinable/corrosion4.pdf,Selectable,No,,8007
Belfast-Kenneth-Branagh-Film-8-1-2020.pdf,./sorted_output/Selectable/Joinable/Belfast-Kenneth-Branagh-Film-8-1-2020.pdf,Selectable,Yes,,4335
DREADNAUGHT_041512.pdf,./sorted_output/Selectable/Not_Joinable/DREADNAUGHT_041512.pdf,Selectable,No,,5770
Declaration-The-Marcos-Efron-Feb-2011.pdf,./sorted_output/Selectable/Joinable/Declaration-The-Marcos-Efron-Feb-2011.pdf,Selectable,Yes,,6461
Open-Grave-Eddie-Borey-Chris-Borey-Film.pdf,./sorted_output/Selectable/Not_Joinable/Open-Grave-Eddie-Borey-Chris-Borey-Film.pdf,Selectable,No,,5999
ANNABELLE_Goodman.pdf,./sorted_output/Selectable/Not_Joinable/ANNABELLE_Goodman.pdf,Selectable,No,,5868
HOUSE-ARREST_Justin-Adler_022713-01.pdf,./sorted_output/Selectable/Not_Joinable/HOUSE-ARREST_Justin-Adler_022713-01.pdf,Selectable,No,,5376
Catch-Me-If-You-Can-Jeff-Nathanson-Film.pdf,./sorted_output/Selectable/Not_Joinable/Catch-Me-If-You-Can-Jeff-Nathanson-Film.pdf,Selectable,No,,8282
Fiendish-Edgar-Castillo-Film.pdf,./sorted_output/Selectable/Not_Joinable/Fiendish-Edgar-Castillo-Film.pdf,Selectable,No,,4520
Crowning-Infamy-Alex-Cox-Film-12-6-1977.pdf,./sorted_output/OCR/Obscured_OCR/Crowning-Infamy-Alex-Cox-Film-12-6-1977.pdf,OCR,Unknown,Obscured_OCR,0
Miracle-Worker-The-1962-Revision-1961-05-08.pdf,./sorted_output/OCR/Obscured_OCR/Miracle-Worker-The-1962-Revision-1961-05-08.pdf,OCR,Unknown,Obscured_OCR,0
Rocket_Science.pdf,./sorted_output/Selectable/Not_Joinable/Rocket_Science.pdf,Selectable,No,,6083
Crashland_07_2013.pdf,./sorted_output/Selectable/Joinable/Crashland_07_2013.pdf,Selectable,Yes,,4404
Last-Voyage-of-the-Demeter-Bragi-Schut-Robert-Schwentke-Mitch-Brian-James-V.-Hart-Film-12-18-2006.pdf,./sorted_output/OCR/Obscured_OCR/Last-Voyage-of-the-Demeter-Bragi-Schut-Robert-Schwentke-Mitch-Brian-James-V.-Hart-Film-12-18-2006.pdf,OCR,Unknown,Obscured_OCR,0
Chicago-For-One-Madeleine-Paul-Film.pdf,./sorted_output/Selectable/Not_Joinable/Chicago-For-One-Madeleine-Paul-Film.pdf,Selectable,No,,4693
Say-Something-Nice-Erin-Rodman-Film.pdf,./sorted_output/Selectable/Not_Joinable/Say-Something-Nice-Erin-Rodman-Film.pdf,Selectable,No,,3836
IMMIGRANT-IMORTAL-Jason-Bortz.pdf,./sorted_output/Selectable/Not_Joinable/IMMIGRANT-IMORTAL-Jason-Bortz.pdf,Selectable,No,,4080
INTRUSION_by_L-D-_Goffigan.pdf,./sorted_output/Selectable/Not_Joinable/INTRUSION_by_L-D-_Goffigan.pdf,Selectable,No,,6103
Project-Chronos-10-12-11.pdf,./sorted_output/Selectable/Not_Joinable/Project-Chronos-10-12-11.pdf,Selectable,No,,5892
1760656102831_Medusa.pdf,./sorted_output/Selectable/Not_Joinable/1760656102831_Medusa.pdf,Selectable,No,,4394
Lady-Krylon-Brandon-Constantine-Film.pdf,./sorted_output/Selectable/Not_Joinable/Lady-Krylon-Brandon-Constantine-Film.pdf,Selectable,No,,3585
The-Disciple-Program-Tyler-Marceca-Film-2-2-2012.pdf,./sorted_output/Selectable/Joinable/The-Disciple-Program-Tyler-Marceca-Film-2-2-2012.pdf,Selectable,Yes,,5620
In-the-Event-of-a-Moon-Disaster-Mike-Jones-Film-1-31-2011.pdf,./sorted_output/Selectable/Joinable/In-the-Event-of-a-Moon-Disaster-Mike-Jones-Film-1-31-2011.pdf,Selectable,Yes,,4364
A-MAN-DIES.pdf,./sorted_output/Selectable/Not_Joinable/A-MAN-DIES.pdf,Selectable,No,,5228
One-Giant-Leap-David-Posamentier-Geoff-Moore-4-26-11.pdf,./sorted_output/Selectable/Not_Joinable/One-Giant-Leap-David-Posamentier-Geoff-Moore-4-26-11.pdf,Selectable,No,,5768
QUID-PRO-QUO-Deborah-Dean-Davis-Margaret-Oberman.pdf,./sorted_output/Selectable/Not_Joinable/QUID-PRO-QUO-Deborah-Dean-Davis-Margaret-Oberman.pdf,Selectable,No,,5505
Nightmare-Alley-Guillermo-del-Toro-Kim-Morgan-Film-12-1-2021.pdf,./sorted_output/Selectable/Joinable/Nightmare-Alley-Guillermo-del-Toro-Kim-Morgan-Film-12-1-2021.pdf,Selectable,Yes,,6614
The-Way-Between-Jennifer-Lee-01-26-11.pdf,./sorted_output/Selectable/Not_Joinable/The-Way-Between-Jennifer-Lee-01-26-11.pdf,Selectable,No,,4578
The-Darkness-by-Tasha-Huo.pdf,./sorted_output/Selectable/Not_Joinable/The-Darkness-by-Tasha-Huo.pdf,Selectable,No,,4319
MAILMEN-Zimmet-and-Rubin.pdf,./sorted_output/Selectable/Not_Joinable/MAILMEN-Zimmet-and-Rubin.pdf,Selectable,No,,5175
Bride-Hard-2025.pdf,./sorted_output/Selectable/Joinable/Bride-Hard-2025.pdf,Selectable,Yes,,3657
Diamonds-are-a-Girl__s-Best-Friend-Gregg-Rossen-Brian-Sawyer.pdf,./sorted_output/Selectable/Not_Joinable/Diamonds-are-a-Girl__s-Best-Friend-Gregg-Rossen-Brian-Sawyer.pdf,Selectable,No,,4839
Michael-Bay-Explosive-Biopic-Sean-Tidwell-Film.pdf,./sorted_output/Selectable/Not_Joinable/Michael-Bay-Explosive-Biopic-Sean-Tidwell-Film.pdf,Selectable,No,,4410
DIVERSION-by-Chris-Folkens-and-Kate-Gritmon.pdf,./sorted_output/Selectable/Not_Joinable/DIVERSION-by-Chris-Folkens-and-Kate-Gritmon.pdf,Selectable,No,,4930
The-Flintstones-in-Viva-Rock-Vegas-2000.pdf,./sorted_output/OCR/Obscured_OCR/The-Flintstones-in-Viva-Rock-Vegas-2000.pdf,OCR,Unknown,Obscured_OCR,0
Hello-Universe-Michael-Golamco-Film-11-11-2021.pdf,./sorted_output/Selectable/Joinable/Hello-Universe-Michael-Golamco-Film-11-11-2021.pdf,Selectable,Yes,,4952
Tipping-Point-Todd-Stein-March-2011.pdf,./sorted_output/Selectable/Joinable/Tipping-Point-Todd-Stein-March-2011.pdf,Selectable,Yes,,5389
Passing-Rebecca-Hall-Film.pdf,./sorted_output/Selectable/Not_Joinable/Passing-Rebecca-Hall-Film.pdf,Selectable,No,,4779
Zombie-Wedding-9-23-12.pdf,./sorted_output/Selectable/Not_Joinable/Zombie-Wedding-9-23-12.pdf,Selectable,No,,6263
CAT-PEOPLE-Ameni-Rosza.pdf,./sorted_output/Selectable/Not_Joinable/CAT-PEOPLE-Ameni-Rosza.pdf,Selectable,No,,3158
First-Ascent-Colin-Bannon-Film.pdf,./sorted_output/Selectable/Not_Joinable/First-Ascent-Colin-Bannon-Film.pdf,Selectable,No,,6171
NSFW-5-24-11.pdf,./sorted_output/Selectable/Not_Joinable/NSFW-5-24-11.pdf,Selectable,No,,5471
El-Dorado-Gary-Spinelli-02-10-11.pdf,./sorted_output/Selectable/Not_Joinable/El-Dorado-Gary-Spinelli-02-10-11.pdf,Selectable,No,,5010
Pulse-2910-TVM.pdf,./sorted_output/Selectable/Not_Joinable/Pulse-2910-TVM.pdf,Selectable,No,,5307
Trigger-10-5-123.pdf,./sorted_output/Selectable/Not_Joinable/Trigger-10-5-123.pdf,Selectable,No,,4947
The-Fly-II-Frank-Darabont-Jim-Wheat-Ken-What-Film-3-15-1988.pdf,./sorted_output/OCR/Obscured_OCR/The-Fly-II-Frank-Darabont-Jim-Wheat-Ken-What-Film-3-15-1988.pdf,OCR,Unknown,Obscured_OCR,0
EXIT-PLAN-aka-THE-TOMB-by-Miles-Chapman_-rev-by-Jason-Keller-Miles-Chapman-2009-01-06.pdf,./sorted_output/Selectable/Joinable/EXIT-PLAN-aka-THE-TOMB-by-Miles-Chapman_-rev-by-Jason-Keller-Miles-Chapman-2009-01-06.pdf,Selectable,Yes,,7114
The-Blackcoat-s-Daughter-Osgood-Perkins-Film-6-1-2012.pdf,./sorted_output/Selectable/Joinable/The-Blackcoat-s-Daughter-Osgood-Perkins-Film-6-1-2012.pdf,Selectable,Yes,,5676
HELLBOUND-Blackman-2-2-12.pdf,./sorted_output/Selectable/Not_Joinable/HELLBOUND-Blackman-2-2-12.pdf,Selectable,No,,5463
LIGHTNING-ALLEY-Jud-Cremata.pdf,./sorted_output/Selectable/Not_Joinable/LIGHTNING-ALLEY-Jud-Cremata.pdf,Selectable,No,,5617
DARK-SPACES-SCRIPT-2013.pdf,./sorted_output/Selectable/Joinable/DARK-SPACES-SCRIPT-2013.pdf,Selectable,Yes,,5187
BLEACHED-by-Brandon-Violette.pdf,./sorted_output/Selectable/Not_Joinable/BLEACHED-by-Brandon-Violette.pdf,Selectable,No,,3741
Ocracoke-by-Ari-Eisner.pdf,./sorted_output/Selectable/Not_Joinable/Ocracoke-by-Ari-Eisner.pdf,Selectable,No,,2783
Outrage-Michael-Tabb.pdf,./sorted_output/Selectable/Not_Joinable/Outrage-Michael-Tabb.pdf,Selectable,No,,5147
The-Death-of-Colm-Canter-Revati-Dhomse-Hector-Lowe-Film.pdf,./sorted_output/Selectable/Not_Joinable/The-Death-of-Colm-Canter-Revati-Dhomse-Hector-Lowe-Film.pdf,Selectable,No,,5578
13-Ben-Magid.pdf,./sorted_output/Selectable/Not_Joinable/13-Ben-Magid.pdf,Selectable,No,,5047
Wolf-Town-10-30-12-pdf-pdf.pdf,./sorted_output/Selectable/Not_Joinable/Wolf-Town-10-30-12-pdf-pdf.pdf,Selectable,No,,3618
Cynara-Matthew-Stone.pdf,./sorted_output/Selectable/Not_Joinable/Cynara-Matthew-Stone.pdf,Selectable,No,,5040
dog-day-afternoon-1975-CLEAN-RETYPED.pdf,./sorted_output/Selectable/Joinable/dog-day-afternoon-1975-CLEAN-RETYPED.pdf,Selectable,Yes,,6155
Weird-Augustus-Schiff-Film-10-8-2021.pdf,./sorted_output/Selectable/Joinable/Weird-Augustus-Schiff-Film-10-8-2021.pdf,Selectable,Yes,,3797
Louie_Louie-Leward__Uhley.pdf,./sorted_output/Selectable/Not_Joinable/Louie_Louie-Leward__Uhley.pdf,Selectable,No,,5457
TRANSGRESSION__PERRY__04_MARCH_2013.pdf,./sorted_output/Selectable/Joinable/TRANSGRESSION__PERRY__04_MARCH_2013.pdf,Selectable,Yes,,5134
Challenger-1990-TVM.pdf,./sorted_output/OCR/Obscured_OCR/Challenger-1990-TVM.pdf,OCR,Unknown,Obscured_OCR,0
A-Hero-Massoumeh-Lahidji-Film-10-1-2020.pdf,./sorted_output/Selectable/Joinable/A-Hero-Massoumeh-Lahidji-Film-10-1-2020.pdf,Selectable,Yes,,8107
GROOMZILLA.PDF,./sorted_output/Selectable/Not_Joinable/GROOMZILLA.PDF,Selectable,No,,5116
Operation-Milk-and-Cookies-M.-Miller-Davis-Film.pdf,./sorted_output/Selectable/Not_Joinable/Operation-Milk-and-Cookies-M.-Miller-Davis-Film.pdf,Selectable,No,,4955
St.-Simmons-Greg-Wayne-Film.pdf,./sorted_output/Selectable/Not_Joinable/St.-Simmons-Greg-Wayne-Film.pdf,Selectable,No,,5708
CULT-OF-THIEVES-by-John-Petro.pdf,./sorted_output/Selectable/Not_Joinable/CULT-OF-THIEVES-by-John-Petro.pdf,Selectable,No,,5267
PULSE-Ben-Magid.pdf,./sorted_output/Selectable/Not_Joinable/PULSE-Ben-Magid.pdf,Selectable,No,,5714
full-cognition.pdf,./sorted_output/Selectable/Not_Joinable/full-cognition.pdf,Selectable,No,,4763
The-Fugitive-David-Giler-Walter-Hill-04-12-1991-Scan.pdf,./sorted_output/OCR/Obscured_OCR/The-Fugitive-David-Giler-Walter-Hill-04-12-1991-Scan.pdf,OCR,Unknown,Obscured_OCR,0
Rabbit-Season-Shanrah-Wakefield-Film.pdf,./sorted_output/Selectable/Not_Joinable/Rabbit-Season-Shanrah-Wakefield-Film.pdf,Selectable,No,,4227
Mimi-Scarlett-Bermingham-Film.pdf,./sorted_output/Selectable/Not_Joinable/Mimi-Scarlett-Bermingham-Film.pdf,Selectable,No,,4931
Film-Stars-Don-t-Die-in-Liverpool-Matt-Greenhalgh-Film.pdf,./sorted_output/Selectable/Not_Joinable/Film-Stars-Don-t-Die-in-Liverpool-Matt-Greenhalgh-Film.pdf,Selectable,No,,5169
Encounter-Joe-Barton-Michael-Pearce-Film-9-29-2020.pdf,./sorted_output/Selectable/Joinable/Encounter-Joe-Barton-Michael-Pearce-Film-9-29-2020.pdf,Selectable,Yes,,7675
Steps-Of-Coronodo-SCRIPT.pdf,./sorted_output/Selectable/Not_Joinable/Steps-Of-Coronodo-SCRIPT.pdf,Selectable,No,,5344
355_pitch_document.pdf,./sorted_output/OCR/Obscured_OCR/355_pitch_document.pdf,OCR,Unknown,Obscured_OCR,0
One-Night-Stand-6-30-11.pdf,./sorted_output/Selectable/Not_Joinable/One-Night-Stand-6-30-11.pdf,Selectable,No,,5279
Pay-The-Ghost-Dan-Kay-Film-9-1-2009.pdf,./sorted_output/Selectable/Joinable/Pay-The-Ghost-Dan-Kay-Film-9-1-2009.pdf,Selectable,Yes,,5713
A-Mighty-Heart-2007.pdf,./sorted_output/OCR/Clear_OCR/A-Mighty-Heart-2007.pdf,OCR,Unknown,Clear_OCR,411
Waitlist-Carly-Hallman-Film-6-1-2021.pdf,./sorted_output/Selectable/Joinable/Waitlist-Carly-Hallman-Film-6-1-2021.pdf,Selectable,Yes,,6043
HOUSE-DAD_Yorks.pdf,./sorted_output/Selectable/Not_Joinable/HOUSE-DAD_Yorks.pdf,Selectable,No,,3515
The-Residence.pdf,./sorted_output/Selectable/Not_Joinable/The-Residence.pdf,Selectable,No,,3726
The-Green-Knight-David-Lowery-Film.pdf,./sorted_output/Selectable/Not_Joinable/The-Green-Knight-David-Lowery-Film.pdf,Selectable,No,,6297
I_M-IN-LOVE-WITH-THE-DJ.pdf,./sorted_output/OCR/Obscured_OCR/I_M-IN-LOVE-WITH-THE-DJ.pdf,OCR,Unknown,Obscured_OCR,0
BORROWING-3-10-11-David-Schickler.pdf,./sorted_output/Selectable/Not_Joinable/BORROWING-3-10-11-David-Schickler.pdf,Selectable,No,,5393
Abstract-spec2.pdf,./sorted_output/Selectable/Not_Joinable/Abstract-spec2.pdf,Selectable,No,,6920
Candle-to-Water-Nick-Green-Film-5-4-2012.pdf,./sorted_output/Selectable/Joinable/Candle-to-Water-Nick-Green-Film-5-4-2012.pdf,Selectable,Yes,,7208
Hard-to-Get-Dan-Schoffer-Film.pdf,./sorted_output/Selectable/Not_Joinable/Hard-to-Get-Dan-Schoffer-Film.pdf,Selectable,No,,3342
City-Of-Shadows-Script3-0-1.pdf,./sorted_output/Selectable/Not_Joinable/City-Of-Shadows-Script3-0-1.pdf,Selectable,No,,4626
Cutter-2011-Nicholl-Winner.pdf,./sorted_output/Selectable/Joinable/Cutter-2011-Nicholl-Winner.pdf,Selectable,Yes,,5653
YOU__LL-BE-THE-DEATH-OF-ME-Mark-Hammer-1.pdf,./sorted_output/Selectable/Not_Joinable/YOU__LL-BE-THE-DEATH-OF-ME-Mark-Hammer-1.pdf,Selectable,No,,5132
ACTION-HERO__S-GUIDE-TO-SAVING-LIVES-Justin-Lutsky.pdf,./sorted_output/Selectable/Not_Joinable/ACTION-HERO__S-GUIDE-TO-SAVING-LIVES-Justin-Lutsky.pdf,Selectable,No,,3855
Sandpiper-Lindsay-Michel-Film.pdf,./sorted_output/Selectable/Not_Joinable/Sandpiper-Lindsay-Michel-Film.pdf,Selectable,No,,4988
SILVERFOXES.pdf,./sorted_output/Selectable/Not_Joinable/SILVERFOXES.pdf,Selectable,No,,4430
Rex.pdf,./sorted_output/Selectable/Not_Joinable/Rex.pdf,Selectable,No,,4026
Bethlehem-Larry-Brenner-Film.pdf,./sorted_output/Selectable/Not_Joinable/Bethlehem-Larry-Brenner-Film.pdf,Selectable,No,,7379
WORK-SPOUSE-Geoff-Barbanell-Arland-DiGirolamo-9_19_11.pdf,./sorted_output/Selectable/Not_Joinable/WORK-SPOUSE-Geoff-Barbanell-Arland-DiGirolamo-9_19_11.pdf,Selectable,No,,5154
Being-the-Ricardos-Aaron-Sorkin-Film.pdf,./sorted_output/Selectable/Not_Joinable/Being-the-Ricardos-Aaron-Sorkin-Film.pdf,Selectable,No,,4100
Meet-The-New-Boss-Brian-Gatewood-Alessandro-Tanaka-02-17-11.pdf,./sorted_output/Selectable/Not_Joinable/Meet-The-New-Boss-Brian-Gatewood-Alessandro-Tanaka-02-17-11.pdf,Selectable,No,,3759
Fear_City.pdf,./sorted_output/Selectable/Not_Joinable/Fear_City.pdf,Selectable,No,,4082
Buried-Chris-Sparling-Film.pdf,./sorted_output/OCR/Obscured_OCR/Buried-Chris-Sparling-Film.pdf,OCR,Unknown,Obscured_OCR,0
Moscow-Rules.pdf,./sorted_output/Selectable/Not_Joinable/Moscow-Rules.pdf,Selectable,No,,5421
False-Truth-Thomas-Berry-Isaac-Gabaeff-Nathan-Gabaeff-Film-9-1-2021.pdf,./sorted_output/Selectable/Joinable/False-Truth-Thomas-Berry-Isaac-Gabaeff-Nathan-Gabaeff-Film-9-1-2021.pdf,Selectable,Yes,,3178
BUILDING-A-BETTER-BOY_Jason-Mayland.pdf,./sorted_output/Selectable/Not_Joinable/BUILDING-A-BETTER-BOY_Jason-Mayland.pdf,Selectable,No,,4955
Election-Alexander-Payne-Jim-Taylor-Film-7-22-1997.pdf,./sorted_output/Selectable/Joinable/Election-Alexander-Payne-Jim-Taylor-Film-7-22-1997.pdf,Selectable,Yes,,6858
ARCHIMEDES-Meredith-Berg.pdf,./sorted_output/Selectable/Not_Joinable/ARCHIMEDES-Meredith-Berg.pdf,Selectable,No,,4709
Shania!-Jessica-Welsh-Film.pdf,./sorted_output/Selectable/Not_Joinable/Shania-Jessica-Welsh-Film.pdf,Selectable,No,,5267
Idol-Tricia-Lee-Film.pdf,./sorted_output/Selectable/Not_Joinable/Idol-Tricia-Lee-Film.pdf,Selectable,No,,4941
Buccaneer-Jessica-Ellis.pdf,./sorted_output/Selectable/Not_Joinable/Buccaneer-Jessica-Ellis.pdf,Selectable,No,,4152
In-The-End-Brian-T-Arnold-Film.pdf,./sorted_output/Selectable/Not_Joinable/In-The-End-Brian-T-Arnold-Film.pdf,Selectable,No,,4165
Symphony-of-Survival-Daniel-Persitz-Film.pdf,./sorted_output/Selectable/Not_Joinable/Symphony-of-Survival-Daniel-Persitz-Film.pdf,Selectable,No,,4881
Kristy-Anthony-Jaswinski-Film-4-14-2009.pdf,./sorted_output/Selectable/Joinable/Kristy-Anthony-Jaswinski-Film-4-14-2009.pdf,Selectable,Yes,,4194
Whittier-Filipe-Coutinho-Ben-Mehlman-Film-12-1-2020.pdf,./sorted_output/Selectable/Joinable/Whittier-Filipe-Coutinho-Ben-Mehlman-Film-12-1-2020.pdf,Selectable,Yes,,2872
52-Percent-Zina-Zaflow.pdf,./sorted_output/Selectable/Not_Joinable/52-Percent-Zina-Zaflow.pdf,Selectable,No,,5161
10-31-Ian-Shorr-Peter-Gamble-Film.pdf,./sorted_output/Selectable/Not_Joinable/10-31-Ian-Shorr-Peter-Gamble-Film.pdf,Selectable,No,,3356
Iceman-Book-One-2023.pdf,./sorted_output/Selectable/Joinable/Iceman-Book-One-2023.pdf,Selectable,Yes,,3669
The-Humans-Stephen-Karam-Film.pdf,./sorted_output/Selectable/Not_Joinable/The-Humans-Stephen-Karam-Film.pdf,Selectable,No,,4808
Worst.-Dinner.-Ever.-Jack-Waz-Film.pdf,./sorted_output/Selectable/Not_Joinable/Worst.-Dinner.-Ever.-Jack-Waz-Film.pdf,Selectable,No,,3301
tick-tick...-BOOM!-Steven-Levenson-Film.pdf,./sorted_output/Selectable/Not_Joinable/tick-tick...-BOOM-Steven-Levenson-Film.pdf,Selectable,No,,5181
dumpy-colahan-draves.pdf,./sorted_output/Selectable/Not_Joinable/dumpy-colahan-draves.pdf,Selectable,No,,5260
The-Last-Witch-Hunter-Cory-Goodman-Film-11-18-2010.pdf,./sorted_output/Selectable/Joinable/The-Last-Witch-Hunter-Cory-Goodman-Film-11-18-2010.pdf,Selectable,Yes,,5670
I_M-STALKING-YOU-byJessicaWood070614.pdf,./sorted_output/Selectable/Not_Joinable/I_M-STALKING-YOU-byJessicaWood070614.pdf,Selectable,No,,5615
PAROLED-by-Joe-Nienalt-092211.pdf,./sorted_output/Selectable/Not_Joinable/PAROLED-by-Joe-Nienalt-092211.pdf,Selectable,No,,5914
GOOD-SAMARITAN-JARROW.pdf,./sorted_output/Selectable/Not_Joinable/GOOD-SAMARITAN-JARROW.pdf,Selectable,No,,3453
King-Richard-Zach-Baylin-Film.pdf,./sorted_output/Selectable/Not_Joinable/King-Richard-Zach-Baylin-Film.pdf,Selectable,No,,5463
MORPHINE-AGONY-LIVES-Script-2012-spec-script.pdf,./sorted_output/Selectable/Joinable/MORPHINE-AGONY-LIVES-Script-2012-spec-script.pdf,Selectable,Yes,,4700
Chosen.pdf,./sorted_output/Selectable/Not_Joinable/Chosen.pdf,Selectable,No,,4507
SAFARI_-_Tyler_Hisel2.pdf,./sorted_output/Selectable/Not_Joinable/SAFARI_-_Tyler_Hisel2.pdf,Selectable,No,,3538
BLACKOUT-Peter-Craig-01-28-11.pdf,./sorted_output/Selectable/Not_Joinable/BLACKOUT-Peter-Craig-01-28-11.pdf,Selectable,No,,4810
Falling-Man-The-Ian-Corson-1.pdf,./sorted_output/Selectable/Not_Joinable/Falling-Man-The-Ian-Corson-1.pdf,Selectable,No,,6464
Interstate-5-Seth-M.-Sherwood-Film.pdf,./sorted_output/Selectable/Not_Joinable/Interstate-5-Seth-M.-Sherwood-Film.pdf,Selectable,No,,4516
Bella-Chris-Grillot-Film-4-1-2021.pdf,./sorted_output/Selectable/Joinable/Bella-Chris-Grillot-Film-4-1-2021.pdf,Selectable,Yes,,5641
Blind-Rage-of-Peacoat-Miller-Adam-Penn-Film-8-4-2008.pdf,./sorted_output/Selectable/Joinable/Blind-Rage-of-Peacoat-Miller-Adam-Penn-Film-8-4-2008.pdf,Selectable,Yes,,3791
10-ANGELS-Final.pdf,./sorted_output/Selectable/Not_Joinable/10-ANGELS-Final.pdf,Selectable,No,,4906
LOCKED-by-Jeremy-Haft-Ed-Gonzalez.pdf,./sorted_output/Selectable/Not_Joinable/LOCKED-by-Jeremy-Haft-Ed-Gonzalez.pdf,Selectable,No,,5656
IN-MY-CORNER-Oscar-Torres.pdf,./sorted_output/Selectable/Not_Joinable/IN-MY-CORNER-Oscar-Torres.pdf,Selectable,No,,6160
Bagg_-_THE_SEMANTICIST_-_11-11.pdf,./sorted_output/Selectable/Not_Joinable/Bagg_-_THE_SEMANTICIST_-_11-11.pdf,Selectable,No,,6143
Hotel-Hotel-Hotel-Hotel-Michael-Shanks-Film-11-4-2021.pdf,./sorted_output/Selectable/Joinable/Hotel-Hotel-Hotel-Hotel-Michael-Shanks-Film-11-4-2021.pdf,Selectable,Yes,,6940
THE_EVER_AFTER_PART_Umansky__Hyatt.pdf,./sorted_output/Selectable/Not_Joinable/THE_EVER_AFTER_PART_Umansky__Hyatt.pdf,Selectable,No,,4872
THE-HEATH.pdf,./sorted_output/Selectable/Not_Joinable/THE-HEATH.pdf,Selectable,No,,6076
The-Veil-Mike-Flanagan-Jeff-Howard.pdf,./sorted_output/Selectable/Not_Joinable/The-Veil-Mike-Flanagan-Jeff-Howard.pdf,Selectable,No,,4591
Elizabeth-Blue-Vincent-Sabella-Alfred-D.-Huffington-Film-7-2-2016.pdf,./sorted_output/Selectable/Joinable/Elizabeth-Blue-Vincent-Sabella-Alfred-D.-Huffington-Film-7-2-2016.pdf,Selectable,Yes,,6153
Roanoke-A-Kingdom-Strange.pdf,./sorted_output/Selectable/Not_Joinable/Roanoke-A-Kingdom-Strange.pdf,Selectable,No,,6583
Follow-Michael-Kujak-Film.pdf,./sorted_output/Selectable/Not_Joinable/Follow-Michael-Kujak-Film.pdf,Selectable,No,,5774
Martyrs-Mark-L.-Smith-Film-12-3-2009.pdf,./sorted_output/Selectable/Joinable/Martyrs-Mark-L.-Smith-Film-12-3-2009.pdf,Selectable,Yes,,4177
Rapid-Fire-aka-Moving-Target-Alan-B-McElroy-04-12-1991-Rev-Scan.pdf,./sorted_output/OCR/Obscured_OCR/Rapid-Fire-aka-Moving-Target-Alan-B-McElroy-04-12-1991-Rev-Scan.pdf,OCR,Unknown,Obscured_OCR,0
Maggie-John-Scott-3-Film.pdf,./sorted_output/Selectable/Not_Joinable/Maggie-John-Scott-3-Film.pdf,Selectable,No,,5398
SCARS-Gordon-Daniel-Scott.pdf,./sorted_output/Selectable/Not_Joinable/SCARS-Gordon-Daniel-Scott.pdf,Selectable,No,,5135
FREELANCE-Jake-Lentz-David-Weinstein.pdf,./sorted_output/Selectable/Not_Joinable/FREELANCE-Jake-Lentz-David-Weinstein.pdf,Selectable,No,,5529
Crazy-Love-Carol-Watson-Film-3-10-2004.pdf,./sorted_output/Selectable/Joinable/Crazy-Love-Carol-Watson-Film-3-10-2004.pdf,Selectable,Yes,,10326
LEAVE-Andrew-Barrer-Gabriel-Ferrari.pdf,./sorted_output/Selectable/Not_Joinable/LEAVE-Andrew-Barrer-Gabriel-Ferrari.pdf,Selectable,No,,4245
DESTINY-Smith-RJ.pdf,./sorted_output/Selectable/Not_Joinable/DESTINY-Smith-RJ.pdf,Selectable,No,,5240
BERTNERS-2-3-11.pdf,./sorted_output/Selectable/Not_Joinable/BERTNERS-2-3-11.pdf,Selectable,No,,4505
Batman-first-draft-1986-by-Sam-Hamm.pdf,./sorted_output/OCR/Obscured_OCR/Batman-first-draft-1986-by-Sam-Hamm.pdf,OCR,Unknown,Obscured_OCR,0
PITCHING-PENNIES_Nate_Crocker.pdf,./sorted_output/Selectable/Not_Joinable/PITCHING-PENNIES_Nate_Crocker.pdf,Selectable,No,,4217
PRISONER-23-Yarbough-Cody.pdf,./sorted_output/Selectable/Not_Joinable/PRISONER-23-Yarbough-Cody.pdf,Selectable,No,,5623
T-Eric-Gross-Film.pdf,./sorted_output/Selectable/Not_Joinable/T-Eric-Gross-Film.pdf,Selectable,No,,4579
Fear-of-Clowns-Kevin-Kangas-Film.pdf,./sorted_output/Selectable/Not_Joinable/Fear-of-Clowns-Kevin-Kangas-Film.pdf,Selectable,No,,9085
HIGH-SCHOOL-SENIORS-McCollester-Hamish.pdf,./sorted_output/Selectable/Not_Joinable/HIGH-SCHOOL-SENIORS-McCollester-Hamish.pdf,Selectable,No,,4547
FLIGHT-RISK-Sean-Hennen-01-14-11.pdf,./sorted_output/Selectable/Not_Joinable/FLIGHT-RISK-Sean-Hennen-01-14-11.pdf,Selectable,No,,5771
C-mon-C-mon-Mike-Mills-Film.pdf,./sorted_output/Selectable/Not_Joinable/C-mon-C-mon-Mike-Mills-Film.pdf,Selectable,No,,4611
PAST-TIME-SPEC-10-18.pdf,./sorted_output/Selectable/Not_Joinable/PAST-TIME-SPEC-10-18.pdf,Selectable,No,,6523
Mercury-Stefan-Jaworski-Film.pdf,./sorted_output/Selectable/Not_Joinable/Mercury-Stefan-Jaworski-Film.pdf,Selectable,No,,3952
Last-Night-in-Soho-Edgar-Wright-Krysty-Wilson-Cairns-Film.pdf,./sorted_output/Selectable/Not_Joinable/Last-Night-in-Soho-Edgar-Wright-Krysty-Wilson-Cairns-Film.pdf,Selectable,No,,5754
Epic_Kaplan.pdf,./sorted_output/Selectable/Not_Joinable/Epic_Kaplan.pdf,Selectable,No,,3600
Don-t-Look-Up-Adam-McKay-Film-1-22-2020.pdf,./sorted_output/Selectable/Joinable/Don-t-Look-Up-Adam-McKay-Film-1-22-2020.pdf,Selectable,Yes,,4521
Dennis-Rodman-s-48-Hours-in-Vegas-Jordan-Van-Dina-Film-1-15-2021.pdf,./sorted_output/Selectable/Joinable/Dennis-Rodman-s-48-Hours-in-Vegas-Jordan-Van-Dina-Film-1-15-2021.pdf,Selectable,Yes,,4382
Galactic-Prospectors-Curt-Burdick-Scott-Burdick.pdf,./sorted_output/Selectable/Not_Joinable/Galactic-Prospectors-Curt-Burdick-Scott-Burdick.pdf,Selectable,No,,5992
Darkfall-T.-S.-Faull-Film.pdf,./sorted_output/Selectable/Not_Joinable/Darkfall-T.-S.-Faull-Film.pdf,Selectable,No,,3636
Esther-Jonas-Mike-Demski.pdf,./sorted_output/Selectable/Not_Joinable/Esther-Jonas-Mike-Demski.pdf,Selectable,No,,4517
THE-WEDDING-DRESS-Freeman-Lauren.pdf,./sorted_output/Selectable/Not_Joinable/THE-WEDDING-DRESS-Freeman-Lauren.pdf,Selectable,No,,6473
Jellyfish-Days-Matthew-Kic-Mike-Source-Film.pdf,./sorted_output/Selectable/Not_Joinable/Jellyfish-Days-Matthew-Kic-Mike-Source-Film.pdf,Selectable,No,,5788
Soul-Mates-Chris-LaMont-Joe-Russo-Film.pdf,./sorted_output/Selectable/Not_Joinable/Soul-Mates-Chris-LaMont-Joe-Russo-Film.pdf,Selectable,No,,4909
The-Devil-Herself-Colin-Bannon-Film.pdf,./sorted_output/Selectable/Not_Joinable/The-Devil-Herself-Colin-Bannon-Film.pdf,Selectable,No,,6744
Blunt-Instrument-Oct-20111221.pdf,./sorted_output/Selectable/Joinable/Blunt-Instrument-Oct-20111221.pdf,Selectable,Yes,,4367
My-Boyfriend-s-Wedding-Carri-Solomon-Film.PDF,./sorted_output/Selectable/Not_Joinable/My-Boyfriend-s-Wedding-Carri-Solomon-Film.PDF,Selectable,No,,4386
Donor-7277-2012.pdf,./sorted_output/Selectable/Joinable/Donor-7277-2012.pdf,Selectable,Yes,,4651
Candlewood-Jessica-Granger-Film.pdf,./sorted_output/Selectable/Not_Joinable/Candlewood-Jessica-Granger-Film.pdf,Selectable,No,,4841
The-Lodge-Sergio-Casci-Veronika-Franz-Severin-Fiala-Film-5-1-2017.pdf,./sorted_output/Selectable/Joinable/The-Lodge-Sergio-Casci-Veronika-Franz-Severin-Fiala-Film-5-1-2017.pdf,Selectable,Yes,,7144
Faster-Tony-Gayton-Joe-Gayton-Film.pdf,./sorted_output/OCR/Obscured_OCR/Faster-Tony-Gayton-Joe-Gayton-Film.pdf,OCR,Unknown,Obscured_OCR,0
The-Young-The-Hot-and-The-Bothered-Leah-Rachel.pdf,./sorted_output/Selectable/Not_Joinable/The-Young-The-Hot-and-The-Bothered-Leah-Rachel.pdf,Selectable,No,,4049
Max-and-Tony-s-Epic-One-Night-Stand-Thomas-Kivney-Film.pdf,./sorted_output/Selectable/Not_Joinable/Max-and-Tony-s-Epic-One-Night-Stand-Thomas-Kivney-Film.pdf,Selectable,No,,3376
CRATER-Jan-21-1.pdf,./sorted_output/Selectable/Not_Joinable/CRATER-Jan-21-1.pdf,Selectable,No,,5459
BLACK-ROCK-Dan-Kay.pdf,./sorted_output/Selectable/Not_Joinable/BLACK-ROCK-Dan-Kay.pdf,Selectable,No,,5245
Gringos-Don-Michael-Paul-Kelly-Cabral.pdf,./sorted_output/Selectable/Not_Joinable/Gringos-Don-Michael-Paul-Kelly-Cabral.pdf,Selectable,No,,4792
1760655322557_CapedWonder_PUZO_SUPERMAN_2nd_DRAFT_OCT_01_1975.pdf,./sorted_output/Selectable/Joinable/1760655322557_CapedWonder_PUZO_SUPERMAN_2nd_DRAFT_OCT_01_1975.pdf,Selectable,Yes,,5505
Duplex-2003-1st.pdf,./sorted_output/Selectable/Joinable/Duplex-2003-1st.pdf,Selectable,Yes,,4117
BREATHING_Teems_052812.pdf,./sorted_output/Selectable/Not_Joinable/BREATHING_Teems_052812.pdf,Selectable,No,,4839
Duplex-2003-reshoots.pdf,./sorted_output/Selectable/Joinable/Duplex-2003-reshoots.pdf,Selectable,Yes,,4296
The-Harder-They-Fall-Jeymes-Samuel-Boaz-Yakin-Film.pdf,./sorted_output/Selectable/Not_Joinable/The-Harder-They-Fall-Jeymes-Samuel-Boaz-Yakin-Film.pdf,Selectable,No,,4959
Revolutionary-Road-2008-1st-6-9-2004.pdf,./sorted_output/Selectable/Joinable/Revolutionary-Road-2008-1st-6-9-2004.pdf,Selectable,Yes,,5085
Irreversible-John-Pile.pdf,./sorted_output/Selectable/Not_Joinable/Irreversible-John-Pile.pdf,Selectable,No,,5767
Crime-Spree-Brad-Mirman-Film-3-1-1996.pdf,./sorted_output/Selectable/Joinable/Crime-Spree-Brad-Mirman-Film-3-1-1996.pdf,Selectable,Yes,,8257
American-Pirates.pdf,./sorted_output/Selectable/Not_Joinable/American-Pirates.pdf,Selectable,No,,4868
Straight-Edge-by-Rich-Wilkes.pdf,./sorted_output/Selectable/Not_Joinable/Straight-Edge-by-Rich-Wilkes.pdf,Selectable,No,,5194
Christ-Complex-Jeffrey-Scott-Richards-Film.pdf,./sorted_output/Selectable/Not_Joinable/Christ-Complex-Jeffrey-Scott-Richards-Film.pdf,Selectable,No,,7133
EL-GRINGO-87-ELEVEN.pdf,./sorted_output/Selectable/Not_Joinable/EL-GRINGO-87-ELEVEN.pdf,Selectable,No,,4819
Spencer-Steven-Knight-Film-1-4-2021.pdf,./sorted_output/Selectable/Joinable/Spencer-Steven-Knight-Film-1-4-2021.pdf,Selectable,Yes,,7251
BLOODLINE-Will-Honley.pdf,./sorted_output/Selectable/Not_Joinable/BLOODLINE-Will-Honley.pdf,Selectable,No,,3842
Hobby_The_-_Matthew_Gayne.pdf,./sorted_output/Selectable/Not_Joinable/Hobby_The_-_Matthew_Gayne.pdf,Selectable,No,,5995
THE-PERFECT-COUPLE-Hank-Nelken.pdf,./sorted_output/Selectable/Not_Joinable/THE-PERFECT-COUPLE-Hank-Nelken.pdf,Selectable,No,,4160
CRUISER.pdf,./sorted_output/Selectable/Not_Joinable/CRUISER.pdf,Selectable,No,,4563
OSCULUM_INFAME.pdf,./sorted_output/Selectable/Not_Joinable/OSCULUM_INFAME.pdf,Selectable,No,,7333
LASERBLADERS_-_Lee_Garrett.pdf,./sorted_output/Selectable/Not_Joinable/LASERBLADERS_-_Lee_Garrett.pdf,Selectable,No,,4305
ASK-FOR-MICHAEL-PLANTE-10-2-12.pdf,./sorted_output/Selectable/Not_Joinable/ASK-FOR-MICHAEL-PLANTE-10-2-12.pdf,Selectable,No,,4271
Eight-Legged-Freaks-Jesse-Alexander-Ellory-Elkayem-Film-7-1-2000.pdf,./sorted_output/Selectable/Joinable/Eight-Legged-Freaks-Jesse-Alexander-Ellory-Elkayem-Film-7-1-2000.pdf,Selectable,Yes,,6914
Ambulance-2022-Fedak-02-07-2014.pdf,./sorted_output/Selectable/Joinable/Ambulance-2022-Fedak-02-07-2014.pdf,Selectable,Yes,,5346
Distant-2024-aka-Long-Distance.pdf,./sorted_output/Selectable/Joinable/Distant-2024-aka-Long-Distance.pdf,Selectable,Yes,,3416
Shot-Through-the-Heart-Jason-Nutt.pdf,./sorted_output/Selectable/Not_Joinable/Shot-Through-the-Heart-Jason-Nutt.pdf,Selectable,No,,4162
Village-of-the-Damned-1960.pdf,./sorted_output/OCR/Obscured_OCR/Village-of-the-Damned-1960.pdf,OCR,Unknown,Obscured_OCR,0
Doctor-Faustus-Tod-Davies-Film-1-19-2005.pdf,./sorted_output/Selectable/Joinable/Doctor-Faustus-Tod-Davies-Film-1-19-2005.pdf,Selectable,Yes,,5865
Cruel-Summer-Leigh-Cesiro-Erica-Matlin-Film.pdf,./sorted_output/Selectable/Not_Joinable/Cruel-Summer-Leigh-Cesiro-Erica-Matlin-Film.pdf,Selectable,No,,5185
Eye-In-The-Sky-Richard-D_Ovidio-2-3-15.pdf,./sorted_output/Selectable/Not_Joinable/Eye-In-The-Sky-Richard-D_Ovidio-2-3-15.pdf,Selectable,No,,5728
MANUSCRIPT-by-Adam-Cohen-11-14-11.pdf,./sorted_output/Selectable/Not_Joinable/MANUSCRIPT-by-Adam-Cohen-11-14-11.pdf,Selectable,No,,4988
Danny-Collins-Dan-Fogelman-Film-8-1-2013.pdf,./sorted_output/Selectable/Joinable/Danny-Collins-Dan-Fogelman-Film-8-1-2013.pdf,Selectable,Yes,,5497
Stick-It-2006.pdf,./sorted_output/OCR/Obscured_OCR/Stick-It-2006.pdf,OCR,Unknown,Obscured_OCR,0
Bravestarr-The-Legend-1988-aka-Bravestarr-The-Movie.pdf,./sorted_output/OCR/Obscured_OCR/Bravestarr-The-Legend-1988-aka-Bravestarr-The-Movie.pdf,OCR,Unknown,Obscured_OCR,0
Detox-Kevin-Armento-Jaki-Bradley-Film.pdf,./sorted_output/Selectable/Not_Joinable/Detox-Kevin-Armento-Jaki-Bradley-Film.pdf,Selectable,No,,4188
CAPTAIN-THUNDER-Jason-Benoit.pdf,./sorted_output/Selectable/Not_Joinable/CAPTAIN-THUNDER-Jason-Benoit.pdf,Selectable,No,,5819
Thicker-than-Ice-Tara-Tomicevic-Film.pdf,./sorted_output/Selectable/Not_Joinable/Thicker-than-Ice-Tara-Tomicevic-Film.pdf,Selectable,No,,4669
Sad_Jack.pdf,./sorted_output/Selectable/Not_Joinable/Sad_Jack.pdf,Selectable,No,,4218
bloodmoney10-16final1.pdf,./sorted_output/Selectable/Not_Joinable/bloodmoney10-16final1.pdf,Selectable,No,,5906
Tom-Brown_s-Schooldays-2005-TVM.pdf,./sorted_output/Selectable/Joinable/Tom-Brown_s-Schooldays-2005-TVM.pdf,Selectable,Yes,,3782
SURPRISE-WEDDING.PDF,./sorted_output/Selectable/Not_Joinable/SURPRISE-WEDDING.PDF,Selectable,No,,5237
Harsh-09-10-101.pdf,./sorted_output/Selectable/Not_Joinable/Harsh-09-10-101.pdf,Selectable,No,,3927
1001-FEATS-Paul-Biery.pdf,./sorted_output/Selectable/Not_Joinable/1001-FEATS-Paul-Biery.pdf,Selectable,No,,5585
Sleep-Solution-Jenni-Hendricks-Ted-Caplan-Film-10-1-2021.pdf,./sorted_output/Selectable/Joinable/Sleep-Solution-Jenni-Hendricks-Ted-Caplan-Film-10-1-2021.pdf,Selectable,Yes,,4812
Shut-in-Melanie-Toast-Film.pdf,./sorted_output/Selectable/Not_Joinable/Shut-in-Melanie-Toast-Film.pdf,Selectable,No,,5225
Best-Funeral-Ever-2015-Nicholl-Finalist.pdf,./sorted_output/Selectable/Joinable/Best-Funeral-Ever-2015-Nicholl-Finalist.pdf,Selectable,Yes,,4365
The-Tender-Bar-William-Monahan-Film.pdf,./sorted_output/Selectable/Not_Joinable/The-Tender-Bar-William-Monahan-Film.pdf,Selectable,No,,6816
Killers-2012-Nicholl-Winner.pdf,./sorted_output/Selectable/Joinable/Killers-2012-Nicholl-Winner.pdf,Selectable,Yes,,5762
Four-Assassins-(And-a-Funeral)-Ryan-Hooper-Film-4-11-2021.pdf,./sorted_output/Selectable/Joinable/Four-Assassins-And-a-Funeral-Ryan-Hooper-Film-4-11-2021.pdf,Selectable,Yes,,6056
WorstBest-9-9-11.pdf,./sorted_output/Selectable/Not_Joinable/WorstBest-9-9-11.pdf,Selectable,No,,4559
Christmas-Vs-Hanukkah-Final.pdf,./sorted_output/Selectable/Not_Joinable/Christmas-Vs-Hanukkah-Final.pdf,Selectable,No,,5025
PARENT__S-NIGHT-113.pdf,./sorted_output/Selectable/Not_Joinable/PARENT__S-NIGHT-113.pdf,Selectable,No,,4445
Field-of-View-Julian-Silver-Reiss-Clauson-Wolf-Film.pdf,./sorted_output/Selectable/Not_Joinable/Field-of-View-Julian-Silver-Reiss-Clauson-Wolf-Film.pdf,Selectable,No,,5315
I-DO-AGAIN-Jenna-Milly-and-Ann-Marie-Allison.pdf,./sorted_output/Selectable/Not_Joinable/I-DO-AGAIN-Jenna-Milly-and-Ann-Marie-Allison.pdf,Selectable,No,,4162
Human-Stain-The-2003-2002-02-25.pdf,./sorted_output/Selectable/Joinable/Human-Stain-The-2003-2002-02-25.pdf,Selectable,Yes,,6584
Under-the-Greenwood-Tree-2005-TVM.pdf,./sorted_output/Selectable/Joinable/Under-the-Greenwood-Tree-2005-TVM.pdf,Selectable,Yes,,5368
Encanto-Charise-Castro-Smith-Jared-Bush-Film.pdf,./sorted_output/Selectable/Not_Joinable/Encanto-Charise-Castro-Smith-Jared-Bush-Film.pdf,Selectable,No,,6129
Heart-Eyes-2024.pdf,./sorted_output/Selectable/Joinable/Heart-Eyes-2024.pdf,Selectable,Yes,,4657
LORE-3-20-12.pdf,./sorted_output/Selectable/Not_Joinable/LORE-3-20-12.pdf,Selectable,No,,5184
The-College-Dropout-Thomas-Aguilar-Michael-Ballin-Film-2-5-2021.pdf,./sorted_output/Selectable/Joinable/The-College-Dropout-Thomas-Aguilar-Michael-Ballin-Film-2-5-2021.pdf,Selectable,Yes,,3932
Hattie-2011-TVM-Stephen-Russell.pdf,./sorted_output/Selectable/Joinable/Hattie-2011-TVM-Stephen-Russell.pdf,Selectable,Yes,,2691
Disorientation_Distribution1.pdf,./sorted_output/Selectable/Not_Joinable/Disorientation_Distribution1.pdf,Selectable,No,,4755
Dead-Town-USA-9-14-12.pdf,./sorted_output/Selectable/Not_Joinable/Dead-Town-USA-9-14-12.pdf,Selectable,No,,4659
Abbi-and-the-Eighth-Wonder-Matt-Roller-Film.pdf,./sorted_output/Selectable/Not_Joinable/Abbi-and-the-Eighth-Wonder-Matt-Roller-Film.pdf,Selectable,No,,4523
SINKHOLE-by-Luke-Passmore.pdf,./sorted_output/Selectable/Not_Joinable/SINKHOLE-by-Luke-Passmore.pdf,Selectable,No,,5271
Dibbuk-Box-E.-L.-Katz-Film.pdf,./sorted_output/Selectable/Not_Joinable/Dibbuk-Box-E.-L.-Katz-Film.pdf,Selectable,No,,5628
HOMECOMING-QUEENS.PDF,./sorted_output/Selectable/Not_Joinable/HOMECOMING-QUEENS.PDF,Selectable,No,,4572
A-Few-Good-Men-1992-10-02-1991.pdf,./sorted_output/Selectable/Joinable/A-Few-Good-Men-1992-10-02-1991.pdf,Selectable,Yes,,6653
Duplex-2003-2nd.pdf,./sorted_output/Selectable/Joinable/Duplex-2003-2nd.pdf,Selectable,Yes,,3985
THE-WIDOW-Ray-Wright.pdf,./sorted_output/Selectable/Not_Joinable/THE-WIDOW-Ray-Wright.pdf,Selectable,No,,5331
CURRENCY-Mark-DiStefano.pdf,./sorted_output/Selectable/Not_Joinable/CURRENCY-Mark-DiStefano.pdf,Selectable,No,,4658
SLAYER-2.pdf,./sorted_output/Selectable/Not_Joinable/SLAYER-2.pdf,Selectable,No,,6695
GUEST_MatthewCruz.pdf,./sorted_output/Selectable/Not_Joinable/GUEST_MatthewCruz.pdf,Selectable,No,,4961
Psycho-Killer-Andrew-Kevin-Walker-Film-9-25-2007.pdf,./sorted_output/Selectable/Joinable/Psycho-Killer-Andrew-Kevin-Walker-Film-9-25-2007.pdf,Selectable,Yes,,18839
Beneath-Patrick-J-Doody-Chris-Valenziano.pdf,./sorted_output/Selectable/Not_Joinable/Beneath-Patrick-J-Doody-Chris-Valenziano.pdf,Selectable,No,,3828
From-Mia-With-Love-David-Katzenberg-Seth-Graham-Smith-Kevin-Chesley-Bryan-Shukoff-4-23-11.pdf,./sorted_output/Selectable/Not_Joinable/From-Mia-With-Love-David-Katzenberg-Seth-Graham-Smith-Kevin-Chesley-Bryan-Shukoff-4-23-11.pdf,Selectable,No,,4633
MIAMI-Vance-Rodney.pdf,./sorted_output/Selectable/Not_Joinable/MIAMI-Vance-Rodney.pdf,Selectable,No,,5949
DOPPELGANGER.pdf,./sorted_output/Selectable/Not_Joinable/DOPPELGANGER.pdf,Selectable,No,,4030
FLIGHT-RISK-Mike-Le.pdf,./sorted_output/OCR/Obscured_OCR/FLIGHT-RISK-Mike-Le.pdf,OCR,Unknown,Obscured_OCR,0
Detroit-Rock-City-Carl-V-Dupre-Film.pdf,./sorted_output/Selectable/Not_Joinable/Detroit-Rock-City-Carl-V-Dupre-Film.pdf,Selectable,No,,8781
White-Girl-2008-TVM.pdf,./sorted_output/Selectable/Joinable/White-Girl-2008-TVM.pdf,Selectable,Yes,,6089
Blackpill-Alexandra-Serio-Film.pdf,./sorted_output/Selectable/Not_Joinable/Blackpill-Alexandra-Serio-Film.pdf,Selectable,No,,4443
Gay-Chicken-Jeff-Marx-Gregory-Bonsignore-Jeff-Witzke-June-2011.pdf,./sorted_output/Selectable/Joinable/Gay-Chicken-Jeff-Marx-Gregory-Bonsignore-Jeff-Witzke-June-2011.pdf,Selectable,Yes,,4590
Don-t-Go-in-the-Water-Peter-Joseph-Film-5-20-2019.pdf,./sorted_output/Selectable/Joinable/Don-t-Go-in-the-Water-Peter-Joseph-Film-5-20-2019.pdf,Selectable,Yes,,2348
Process-Levin-Menekse-Film.pdf,./sorted_output/Selectable/Not_Joinable/Process-Levin-Menekse-Film.pdf,Selectable,No,,4162
Cop_Cam_062419.pdf,./sorted_output/Selectable/Not_Joinable/Cop_Cam_062419.pdf,Selectable,No,,5339
Grabbers-Kevin-Lehane-Film-7-31-2009.pdf,./sorted_output/Selectable/Joinable/Grabbers-Kevin-Lehane-Film-7-31-2009.pdf,Selectable,Yes,,4217
BULLET-RUN.pdf,./sorted_output/OCR/Obscured_OCR/BULLET-RUN.pdf,OCR,Unknown,Obscured_OCR,0
House-At-The-End-Of-The-Street-David-Loucka-Film-6-20-2008.pdf,./sorted_output/Selectable/Joinable/House-At-The-End-Of-The-Street-David-Loucka-Film-6-20-2008.pdf,Selectable,Yes,,4388
Subject-Zero-David-Lawrence-Cohen-Film-10-11-2011.pdf,./sorted_output/Selectable/Joinable/Subject-Zero-David-Lawrence-Cohen-Film-10-11-2011.pdf,Selectable,Yes,,5781
PICTURE-BOOK-Magid.pdf,./sorted_output/Selectable/Not_Joinable/PICTURE-BOOK-Magid.pdf,Selectable,No,,5515
Pontius-Pilate-Blasi-Vera.pdf,./sorted_output/Selectable/Not_Joinable/Pontius-Pilate-Blasi-Vera.pdf,Selectable,No,,5887
Sprawl-Jordan-Goldberg-Alex-Paraskevas-Film-10-27-2009.pdf,./sorted_output/Selectable/Joinable/Sprawl-Jordan-Goldberg-Alex-Paraskevas-Film-10-27-2009.pdf,Selectable,Yes,,4693
Drop-Dead-Gorgeous-Unlisted-Film.pdf,./sorted_output/Selectable/Not_Joinable/Drop-Dead-Gorgeous-Unlisted-Film.pdf,Selectable,No,,6618
In-Her-Shoes-2005.pdf,./sorted_output/OCR/Obscured_OCR/In-Her-Shoes-2005.pdf,OCR,Unknown,Obscured_OCR,0
FAUST-Cory-Byam-9-23-11.pdf,./sorted_output/Selectable/Not_Joinable/FAUST-Cory-Byam-9-23-11.pdf,Selectable,No,,4837
8-Bit-Christmas-Kevin-Jakubowski-Film-7-14-2019.pdf,./sorted_output/Selectable/Joinable/8-Bit-Christmas-Kevin-Jakubowski-Film-7-14-2019.pdf,Selectable,Yes,,4581
Interrogation-Adam-Rodin-4-5-12.pdf,./sorted_output/Selectable/Not_Joinable/Interrogation-Adam-Rodin-4-5-12.pdf,Selectable,No,,4313
Dead-End-by-Robert-Naturman.pdf,./sorted_output/Selectable/Not_Joinable/Dead-End-by-Robert-Naturman.pdf,Selectable,No,,5967
Chronicle-Max-Landis-Film.pdf,./sorted_output/Selectable/Not_Joinable/Chronicle-Max-Landis-Film.pdf,Selectable,No,,3886
88-MILES-Norm-Leonard-and-Eric-Johnson.pdf,./sorted_output/Selectable/Not_Joinable/88-MILES-Norm-Leonard-and-Eric-Johnson.pdf,Selectable,No,,4523
What-If-Alvaro-Garcia-Lecuona-Film.pdf,./sorted_output/Selectable/Not_Joinable/What-If-Alvaro-Garcia-Lecuona-Film.pdf,Selectable,No,,4414
Going-Pro-9-16-11.pdf,./sorted_output/Selectable/Not_Joinable/Going-Pro-9-16-11.pdf,Selectable,No,,4628
Valet-Untitled-Michael-Bay-Taylor-Lautner-Project-Jason-Dean-Hall-02-08-11.pdf,./sorted_output/Selectable/Not_Joinable/Valet-Untitled-Michael-Bay-Taylor-Lautner-Project-Jason-Dean-Hall-02-08-11.pdf,Selectable,No,,4678
Midnight-Special-Joe-Ballarini-4-18-11.pdf,./sorted_output/Selectable/Not_Joinable/Midnight-Special-Joe-Ballarini-4-18-11.pdf,Selectable,No,,5468
BECKWOURTH-by-James-K-M-Watts.pdf,./sorted_output/Selectable/Not_Joinable/BECKWOURTH-by-James-K-M-Watts.pdf,Selectable,No,,6144
DODGING_THE_DICKMANS_CoxCox.pdf,./sorted_output/Selectable/Not_Joinable/DODGING_THE_DICKMANS_CoxCox.pdf,Selectable,No,,4789
First-Snow-Mark-Fergus-Hawk-Ostby-Film.pdf,./sorted_output/OCR/Obscured_OCR/First-Snow-Mark-Fergus-Hawk-Ostby-Film.pdf,OCR,Unknown,Obscured_OCR,0
BEST-MAN-Steve-Bloom-01-03-11.pdf,./sorted_output/Selectable/Not_Joinable/BEST-MAN-Steve-Bloom-01-03-11.pdf,Selectable,No,,4471
Skeleton-Tree-Paul-Barry-Film.pdf,./sorted_output/Selectable/Not_Joinable/Skeleton-Tree-Paul-Barry-Film.pdf,Selectable,No,,5796
SWINDLE-09-19-11-Enzo-Mileti-Scott-Wilson.pdf,./sorted_output/Selectable/Not_Joinable/SWINDLE-09-19-11-Enzo-Mileti-Scott-Wilson.pdf,Selectable,No,,5396
GOBLIN.pdf,./sorted_output/Selectable/Not_Joinable/GOBLIN.pdf,Selectable,No,,4828
Never-After_Ehlers.pdf,./sorted_output/Selectable/Not_Joinable/Never-After_Ehlers.pdf,Selectable,No,,4757
SCORCHED_EARTH_7-15-11-1.pdf,./sorted_output/Selectable/Not_Joinable/SCORCHED_EARTH_7-15-11-1.pdf,Selectable,No,,6550
No-Good-Deed-Christina-Pamies-Film.pdf,./sorted_output/Selectable/Not_Joinable/No-Good-Deed-Christina-Pamies-Film.pdf,Selectable,No,,4524
A-Magical-Place-Called-Glendale-Sara-Monge-Film.pdf,./sorted_output/Selectable/Not_Joinable/A-Magical-Place-Called-Glendale-Sara-Monge-Film.pdf,Selectable,No,,5015
Amityville-Horror-The-2005.pdf,./sorted_output/OCR/Obscured_OCR/Amityville-Horror-The-2005.pdf,OCR,Unknown,Obscured_OCR,0
Star-Wars-Episode-IX-Duel-of-the-Fates-Unprod-12-16-16.pdf,./sorted_output/Selectable/Not_Joinable/Star-Wars-Episode-IX-Duel-of-the-Fates-Unprod-12-16-16.pdf,Selectable,No,,3320
Traveler-Austin-Everett-Film.pdf,./sorted_output/Selectable/Not_Joinable/Traveler-Austin-Everett-Film.pdf,Selectable,No,,3074
The-Other-Lamb-C.-S.-McMullen-Film.pdf,./sorted_output/Selectable/Not_Joinable/The-Other-Lamb-C.-S.-McMullen-Film.pdf,Selectable,No,,6371
ROMEO-__-JULIET-Will-Simmons-1.pdf,./sorted_output/Selectable/Not_Joinable/ROMEO-__-JULIET-Will-Simmons-1.pdf,Selectable,No,,4152
PUNCH-091911.pdf,./sorted_output/Selectable/Joinable/PUNCH-091911.pdf,Selectable,Yes,,3720
The-Boy-Next-Door-Barbara-Curry-Film.pdf,./sorted_output/Selectable/Not_Joinable/The-Boy-Next-Door-Barbara-Curry-Film.pdf,Selectable,No,,6174
CAMP_BASTARD_Marx__McArdle.pdf,./sorted_output/Selectable/Not_Joinable/CAMP_BASTARD_Marx__McArdle.pdf,Selectable,No,,4463
Stand-by-Me-by-Raynold-Gideon-Bruce-A-Evans-Undated-Scan.pdf,./sorted_output/OCR/Obscured_OCR/Stand-by-Me-by-Raynold-Gideon-Bruce-A-Evans-Undated-Scan.pdf,OCR,Unknown,Obscured_OCR,0
Incident-on-459-CHRIS-SPARLING.pdf,./sorted_output/Selectable/Not_Joinable/Incident-on-459-CHRIS-SPARLING.pdf,Selectable,No,,4929
Star-Struck-1.pdf,./sorted_output/Selectable/Not_Joinable/Star-Struck-1.pdf,Selectable,No,,4863
You-Don_t-Mess-with-the-Zohan-2008-02-05-2007.pdf,./sorted_output/OCR/Obscured_OCR/You-Don_t-Mess-with-the-Zohan-2008-02-05-2007.pdf,OCR,Unknown,Obscured_OCR,0
THE-ENVOY-New.pdf,./sorted_output/Selectable/Not_Joinable/THE-ENVOY-New.pdf,Selectable,No,,4539
Pincushion-John-Raffo-11-02-1988-Scan.pdf,./sorted_output/OCR/Obscured_OCR/Pincushion-John-Raffo-11-02-1988-Scan.pdf,OCR,Unknown,Obscured_OCR,0
CAMP-AMERICA-6-1-12-CLEAN-DRAFT.pdf,./sorted_output/Selectable/Not_Joinable/CAMP-AMERICA-6-1-12-CLEAN-DRAFT.pdf,Selectable,No,,5389
Invasion-Joe-Barton-Michael-Pearce-Film-9-29-2020.pdf,./sorted_output/Selectable/Joinable/Invasion-Joe-Barton-Michael-Pearce-Film-9-29-2020.pdf,Selectable,Yes,,7675
Voicemails-for-Isabelle-Leah-McKendrick-Film.pdf,./sorted_output/Selectable/Not_Joinable/Voicemails-for-Isabelle-Leah-McKendrick-Film.pdf,Selectable,No,,3915
King-Solomon__s-Mines.pdf,./sorted_output/Selectable/Not_Joinable/King-Solomon__s-Mines.pdf,Selectable,No,,5298
iBoy-2nd-draft-28-02-13-_6663.pdf,./sorted_output/Selectable/Not_Joinable/iBoy-2nd-draft-28-02-13-_6663.pdf,Selectable,No,,4230
SECOND-COMING.pdf,./sorted_output/Selectable/Not_Joinable/SECOND-COMING.pdf,Selectable,No,,5687
Carriage-Hill-Emi-Mochizuki-Carrie-Wilson-Film.pdf,./sorted_output/Selectable/Not_Joinable/Carriage-Hill-Emi-Mochizuki-Carrie-Wilson-Film.pdf,Selectable,No,,5494
Lockdown-at-Franklin-High-Joe-Ballarini-Gregg-Bishop-Film.pdf,./sorted_output/Selectable/Not_Joinable/Lockdown-at-Franklin-High-Joe-Ballarini-Gregg-Bishop-Film.pdf,Selectable,No,,3969
In-the-Air-Tonight-04-22-13.pdf,./sorted_output/Selectable/Not_Joinable/In-the-Air-Tonight-04-22-13.pdf,Selectable,No,,5368
Stephanie-Ben-Collins-Luke-Piotrowski-Film-10-19-2011.pdf,./sorted_output/Selectable/Joinable/Stephanie-Ben-Collins-Luke-Piotrowski-Film-10-19-2011.pdf,Selectable,Yes,,5122
Confidence-Doug-Jung-Film-3-1-2000.pdf,./sorted_output/Selectable/Joinable/Confidence-Doug-Jung-Film-3-1-2000.pdf,Selectable,Yes,,4622
GORDO-Dana-Scanlon-02-15-11.pdf,./sorted_output/Selectable/Not_Joinable/GORDO-Dana-Scanlon-02-15-11.pdf,Selectable,No,,5136
A-Country-of-Strangers-Sean-Armstrong-Film.pdf,./sorted_output/Selectable/Not_Joinable/A-Country-of-Strangers-Sean-Armstrong-Film.pdf,Selectable,No,,3992
THE-DUELIST_Lane-Shadgett.pdf,./sorted_output/Selectable/Not_Joinable/THE-DUELIST_Lane-Shadgett.pdf,Selectable,No,,4031
DONT-HANG-UP-Joe-Johnson.pdf,./sorted_output/Selectable/Not_Joinable/DONT-HANG-UP-Joe-Johnson.pdf,Selectable,No,,4544
Marlene-the-Divine-2016-Nicholl-Finalist.pdf,./sorted_output/Selectable/Joinable/Marlene-the-Divine-2016-Nicholl-Finalist.pdf,Selectable,Yes,,5060
The-Devil__s-Belly-Mike-Le.pdf,./sorted_output/Selectable/Not_Joinable/The-Devil__s-Belly-Mike-Le.pdf,Selectable,No,,4012
Holiday_Spin-Leon-101911.pdf,./sorted_output/Selectable/Joinable/Holiday_Spin-Leon-101911.pdf,Selectable,Yes,,6647
Black-Eagle.pdf,./sorted_output/Selectable/Not_Joinable/Black-Eagle.pdf,Selectable,No,,5175
Chaos-Tony-Giglio-Film-3-15-2004.pdf,./sorted_output/Selectable/Joinable/Chaos-Tony-Giglio-Film-3-15-2004.pdf,Selectable,Yes,,8990
Indigo-Ola-Shokunbi-Film.pdf,./sorted_output/Selectable/Not_Joinable/Indigo-Ola-Shokunbi-Film.pdf,Selectable,No,,5072
THE-INCREDIBLE-TRUE-STORY.pdf,./sorted_output/OCR/Obscured_OCR/THE-INCREDIBLE-TRUE-STORY.pdf,OCR,Unknown,Obscured_OCR,0
Wake-Cycle-aka-AIR.pdf,./sorted_output/Selectable/Not_Joinable/Wake-Cycle-aka-AIR.pdf,Selectable,No,,6920
3-KNIGHTS-IN-CHICAGO-THE-HORSEMEN-Mitch-Rouse-Jay-Leggett-05-01-11.pdf,./sorted_output/Selectable/Not_Joinable/3-KNIGHTS-IN-CHICAGO-THE-HORSEMEN-Mitch-Rouse-Jay-Leggett-05-01-11.pdf,Selectable,No,,6495
Murdered-by-My-Father-2016-TVM.pdf,./sorted_output/Selectable/Joinable/Murdered-by-My-Father-2016-TVM.pdf,Selectable,Yes,,5931
The-Dark-Chad-Handley-Film.pdf,./sorted_output/Selectable/Not_Joinable/The-Dark-Chad-Handley-Film.pdf,Selectable,No,,5958
The-Masked-Singer-Mike-Jones-Nicholas-Sherman-Film.pdf,./sorted_output/Selectable/Not_Joinable/The-Masked-Singer-Mike-Jones-Nicholas-Sherman-Film.pdf,Selectable,No,,2453
Barron-s-Cove-Evan-Ari-Kelman-Film-7-29-2021.pdf,./sorted_output/Selectable/Joinable/Barron-s-Cove-Evan-Ari-Kelman-Film-7-29-2021.pdf,Selectable,Yes,,5367
It-Was-You-William-Yu-Film.pdf,./sorted_output/Selectable/Not_Joinable/It-Was-You-William-Yu-Film.pdf,Selectable,No,,4580
THE-BEARD.pdf,./sorted_output/Selectable/Not_Joinable/THE-BEARD.pdf,Selectable,No,,4687
An-Ideal-Woman-Laura-Kosann-Film.pdf,./sorted_output/Selectable/Not_Joinable/An-Ideal-Woman-Laura-Kosann-Film.pdf,Selectable,No,,5813
Grunts-Shaink-Stanley-020711.pdf,./sorted_output/Selectable/Joinable/Grunts-Shaink-Stanley-020711.pdf,Selectable,Yes,,6574
THE-DEATH-OF-ARCHER-NEWMAN.pdf,./sorted_output/Selectable/Not_Joinable/THE-DEATH-OF-ARCHER-NEWMAN.pdf,Selectable,No,,5001
SAVING-SHEILA-by-Penelope-Thomas.pdf,./sorted_output/Selectable/Not_Joinable/SAVING-SHEILA-by-Penelope-Thomas.pdf,Selectable,No,,6189
Stillwater-Tom-McCarthy-Marcus-Hinchey-Thomas-Bidegain-Noe-Debre-Film.pdf,./sorted_output/Selectable/Not_Joinable/Stillwater-Tom-McCarthy-Marcus-Hinchey-Thomas-Bidegain-Noe-Debre-Film.pdf,Selectable,No,,3676
Dollhouse-Michael-Paisley-Film.pdf,./sorted_output/Selectable/Not_Joinable/Dollhouse-Michael-Paisley-Film.pdf,Selectable,No,,4570
SHERWOOD_.pdf,./sorted_output/Selectable/Not_Joinable/SHERWOOD_.pdf,Selectable,No,,4800
IN-THE-FLESH.pdf,./sorted_output/Selectable/Not_Joinable/IN-THE-FLESH.pdf,Selectable,No,,7009
Ruin-Matthew-K.-Firpo-Ryan-Firpo-Film.pdf,./sorted_output/Selectable/Not_Joinable/Ruin-Matthew-K.-Firpo-Ryan-Firpo-Film.pdf,Selectable,No,,6590
HOW-TO-GET-OVER-THAT-BITCH.pdf,./sorted_output/Selectable/Not_Joinable/HOW-TO-GET-OVER-THAT-BITCH.pdf,Selectable,No,,3665
Dangal-Nitesh-Tiwari-Piyush-Gupta-Shreyas-Jain-NIkhil-Mehrotra-Film.pdf,./sorted_output/Selectable/Not_Joinable/Dangal-Nitesh-Tiwari-Piyush-Gupta-Shreyas-Jain-NIkhil-Mehrotra-Film.pdf,Selectable,No,,4621
Vice_111213.pdf,./sorted_output/Selectable/Not_Joinable/Vice_111213.pdf,Selectable,No,,5225
ALVARADO-Sean-Armstrong.pdf,./sorted_output/Selectable/Not_Joinable/ALVARADO-Sean-Armstrong.pdf,Selectable,No,,4989
FOTH-2nd-8_19-FINAL.pdf-Geoff-Davey-Peter-Sattler-Film-8-19-2009.pdf,./sorted_output/Selectable/Joinable/FOTH-2nd-8_19-FINAL.pdf-Geoff-Davey-Peter-Sattler-Film-8-19-2009.pdf,Selectable,Yes,,5689
Picnic-at-Hanging-Rock-Cliff-Green-Film-11-1-1974.pdf,./sorted_output/OCR/Obscured_OCR/Picnic-at-Hanging-Rock-Cliff-Green-Film-11-1-1974.pdf,OCR,Unknown,Obscured_OCR,0
PLEASE-DON__T-FEED-THE-HUMANS.pdf,./sorted_output/Selectable/Not_Joinable/PLEASE-DON__T-FEED-THE-HUMANS.pdf,Selectable,No,,5020
JAILBIRDS.pdf,./sorted_output/Selectable/Not_Joinable/JAILBIRDS.pdf,Selectable,No,,5702
CATEGORY_6_-_John_Swetnam.pdf,./sorted_output/Selectable/Not_Joinable/CATEGORY_6_-_John_Swetnam.pdf,Selectable,No,,4308
Men-Up-2023-TVM.pdf,./sorted_output/Selectable/Joinable/Men-Up-2023-TVM.pdf,Selectable,Yes,,4819
NEVERLAND-Aaron-Henry-Kirk-Kjeldsen-03-07-11.pdf,./sorted_output/Selectable/Not_Joinable/NEVERLAND-Aaron-Henry-Kirk-Kjeldsen-03-07-11.pdf,Selectable,No,,6525
Black-Swan-Mark-Heyman-Film-3-25-2009.pdf,./sorted_output/OCR/Obscured_OCR/Black-Swan-Mark-Heyman-Film-3-25-2009.pdf,OCR,Unknown,Obscured_OCR,0
STEENSLAND_AChineseVampireStory.pdf,./sorted_output/Selectable/Not_Joinable/STEENSLAND_AChineseVampireStory.pdf,Selectable,No,,4676
Somnia-Mike-Flanagan-Jeff-Howard-Film-2-7-2012.pdf,./sorted_output/Selectable/Joinable/Somnia-Mike-Flanagan-Jeff-Howard-Film-2-7-2012.pdf,Selectable,Yes,,5797
Red-Rocket-Sean-Baker-Chris-Bergoch-Film.pdf,./sorted_output/Selectable/Not_Joinable/Red-Rocket-Sean-Baker-Chris-Bergoch-Film.pdf,Selectable,No,,3676
TAKE-YOUR-KID-TO-WORK-by-Joe-Gazzam-and-Robbie-Chafitz.pdf,./sorted_output/Selectable/Not_Joinable/TAKE-YOUR-KID-TO-WORK-by-Joe-Gazzam-and-Robbie-Chafitz.pdf,Selectable,No,,4626
The-Christmas-Code-Altiere-Brothers-4-15-11.pdf,./sorted_output/Selectable/Not_Joinable/The-Christmas-Code-Altiere-Brothers-4-15-11.pdf,Selectable,No,,6803
Diary-of-a-Wimpy-Kid-Jackie-Filgo-Jeff-Filgo-Film-1-22-2009.pdf,./sorted_output/Selectable/Joinable/Diary-of-a-Wimpy-Kid-Jackie-Filgo-Jeff-Filgo-Film-1-22-2009.pdf,Selectable,Yes,,5561
Air-Jordan-Alex-Convery-Film.pdf,./sorted_output/Selectable/Not_Joinable/Air-Jordan-Alex-Convery-Film.pdf,Selectable,No,,3385
Lifer-Nicole-Brending-04-15-11.pdf,./sorted_output/Selectable/Not_Joinable/Lifer-Nicole-Brending-04-15-11.pdf,Selectable,No,,4801
Viral-Dustin-T.-Benson-Film.pdf,./sorted_output/Selectable/Not_Joinable/Viral-Dustin-T.-Benson-Film.pdf,Selectable,No,,4935
Dude-Ranch-Mike-Blejer-Ben-Lockman-Film-2-11-2019.pdf,./sorted_output/Selectable/Joinable/Dude-Ranch-Mike-Blejer-Ben-Lockman-Film-2-11-2019.pdf,Selectable,Yes,,6114
HEADSHOT-Alessandro-Camon-01-19-11.pdf,./sorted_output/Selectable/Not_Joinable/HEADSHOT-Alessandro-Camon-01-19-11.pdf,Selectable,No,,4330
Murdered-by-My-Boyfriend-2014-TVM.pdf,./sorted_output/Selectable/Joinable/Murdered-by-My-Boyfriend-2014-TVM.pdf,Selectable,Yes,,2658
Big-Iron-Blake-Anthony-Edwards-and-Ryan-Chaffee.pdf,./sorted_output/Selectable/Not_Joinable/Big-Iron-Blake-Anthony-Edwards-and-Ryan-Chaffee.pdf,Selectable,No,,5038
ESCAPE-FROM-RIKERS-ISLAND-S-Carlin.pdf,./sorted_output/Selectable/Not_Joinable/ESCAPE-FROM-RIKERS-ISLAND-S-Carlin.pdf,Selectable,No,,1802
Ritual-Benjamin-T-Morehead.pdf,./sorted_output/Selectable/Not_Joinable/Ritual-Benjamin-T-Morehead.pdf,Selectable,No,,3665
The-Greys-Adam-Cohen-03-18-11.pdf,./sorted_output/Selectable/Not_Joinable/The-Greys-Adam-Cohen-03-18-11.pdf,Selectable,No,,4079
Grizz-Connor-Barry-Film.pdf,./sorted_output/Selectable/Not_Joinable/Grizz-Connor-Barry-Film.pdf,Selectable,No,,4111
Deep-Cover-Michael-Tolkin-Henry-Bean-Film.pdf,./sorted_output/Selectable/Not_Joinable/Deep-Cover-Michael-Tolkin-Henry-Bean-Film.pdf,Selectable,No,,8436
MY-DAD-IS-A-DICK_Goldstein_-10_4.pdf,./sorted_output/Selectable/Not_Joinable/MY-DAD-IS-A-DICK_Goldstein_-10_4.pdf,Selectable,No,,4466
Killers-and-Diplomats-John-Tyler-McClain-Michael-Nourse-Film.pdf,./sorted_output/Selectable/Not_Joinable/Killers-and-Diplomats-John-Tyler-McClain-Michael-Nourse-Film.pdf,Selectable,No,,4797
Cure-Beau-Michael-Thorne-Film.pdf,./sorted_output/Selectable/Not_Joinable/Cure-Beau-Michael-Thorne-Film.pdf,Selectable,No,,6488
SEX-ON-THE-FIRST-DATE.pdf,./sorted_output/Selectable/Not_Joinable/SEX-ON-THE-FIRST-DATE.pdf,Selectable,No,,6081
Test-Drive-by-Adam-Aresty.pdf,./sorted_output/Selectable/Not_Joinable/Test-Drive-by-Adam-Aresty.pdf,Selectable,No,,2733
The-Card-Counter-Paul-Schrader-Film.pdf,./sorted_output/Selectable/Not_Joinable/The-Card-Counter-Paul-Schrader-Film.pdf,Selectable,No,,5178
The-Catch_May2012.pdf,./sorted_output/Selectable/Joinable/The-Catch_May2012.pdf,Selectable,Yes,,4154
See-How-They-Run-Lily-Hollander-Film-4-19-2021.pdf,./sorted_output/Selectable/Joinable/See-How-They-Run-Lily-Hollander-Film-4-19-2021.pdf,Selectable,Yes,,5557
AT-ALL-COSTS-Paul-Solet.pdf,./sorted_output/Selectable/Not_Joinable/AT-ALL-COSTS-Paul-Solet.pdf,Selectable,No,,6180
SPIRIT_STALKERS_-_Eden__Hile.pdf,./sorted_output/Selectable/Not_Joinable/SPIRIT_STALKERS_-_Eden__Hile.pdf,Selectable,No,,4336
Hell-s-Acre-Damian-Nieman-Shane-Clark-Film.pdf,./sorted_output/Selectable/Not_Joinable/Hell-s-Acre-Damian-Nieman-Shane-Clark-Film.pdf,Selectable,No,,2601
Nightlight-Chris-Lee-Hill-Tyler-MacIntyre-Film-7-31-2017.pdf,./sorted_output/Selectable/Joinable/Nightlight-Chris-Lee-Hill-Tyler-MacIntyre-Film-7-31-2017.pdf,Selectable,Yes,,5527
The_Minutemen_FINAL_10-30-11.pdf,./sorted_output/OCR/Obscured_OCR/The_Minutemen_FINAL_10-30-11.pdf,OCR,Unknown,Obscured_OCR,0
COURAGEOUS-Craig-Fernandez.pdf,./sorted_output/Selectable/Not_Joinable/COURAGEOUS-Craig-Fernandez.pdf,Selectable,No,,5771
Ultra-Colin-Bannon-Film.pdf,./sorted_output/Selectable/Not_Joinable/Ultra-Colin-Bannon-Film.pdf,Selectable,No,,5361
Duck-Soup-Harry-Ruby-Bert-Kalmar-Grover-Jones-Film.pdf,./sorted_output/Selectable/Not_Joinable/Duck-Soup-Harry-Ruby-Bert-Kalmar-Grover-Jones-Film.pdf,Selectable,No,,12997
Liquor-Run-The.pdf,./sorted_output/Selectable/Not_Joinable/Liquor-Run-The.pdf,Selectable,No,,4988
Devil-s-Punchbowl-Alex-Schenker-Max-Schenker-Film.pdf,./sorted_output/Selectable/Not_Joinable/Devil-s-Punchbowl-Alex-Schenker-Max-Schenker-Film.pdf,Selectable,No,,5825
Peste-Barbara-Marshall-Film.pdf,./sorted_output/Selectable/Not_Joinable/Peste-Barbara-Marshall-Film.pdf,Selectable,No,,5102
SAVAGE-PLANET.pdf,./sorted_output/Selectable/Not_Joinable/SAVAGE-PLANET.pdf,Selectable,No,,9493
Loud-Whit-Burnham-Brayton-Film.pdf,./sorted_output/Selectable/Not_Joinable/Loud-Whit-Burnham-Brayton-Film.pdf,Selectable,No,,5475
The-Villain-Andrew-Ferguson-Film-11-1-2021.pdf,./sorted_output/Selectable/Joinable/The-Villain-Andrew-Ferguson-Film-11-1-2021.pdf,Selectable,Yes,,4907
Aftermath-Draft4-NGDavis-1.pdf,./sorted_output/Selectable/Not_Joinable/Aftermath-Draft4-NGDavis-1.pdf,Selectable,No,,4487
Boss-Baby-2017-Final-04-06-2017.pdf,./sorted_output/Selectable/Joinable/Boss-Baby-2017-Final-04-06-2017.pdf,Selectable,Yes,,4617
FLING-CHARLES-ROBERT-CARNER-DEBRA-SHARKEY.pdf,./sorted_output/Selectable/Not_Joinable/FLING-CHARLES-ROBERT-CARNER-DEBRA-SHARKEY.pdf,Selectable,No,,3895
Pride-and-Joy-2013.pdf,./sorted_output/Selectable/Joinable/Pride-and-Joy-2013.pdf,Selectable,Yes,,4963
Move-On-Ken-Kobayashi-Film.pdf,./sorted_output/Selectable/Not_Joinable/Move-On-Ken-Kobayashi-Film.pdf,Selectable,No,,4479
The-Harrowing-Matt-Leslie-Stephen-J.-Smith-Film.pdf,./sorted_output/Selectable/Not_Joinable/The-Harrowing-Matt-Leslie-Stephen-J.-Smith-Film.pdf,Selectable,No,,5275
A-WEREWOLF-9-21-11-Keith-Fox.pdf,./sorted_output/Selectable/Not_Joinable/A-WEREWOLF-9-21-11-Keith-Fox.pdf,Selectable,No,,4996
X-COUNTRY-Alex-Daltas.pdf,./sorted_output/Selectable/Not_Joinable/X-COUNTRY-Alex-Daltas.pdf,Selectable,No,,3955
Cortes-Nicholas-Kazan-Film.pdf,./sorted_output/Selectable/Not_Joinable/Cortes-Nicholas-Kazan-Film.pdf,Selectable,No,,5415
My-Murder-2012-TVM.pdf,./sorted_output/Selectable/Joinable/My-Murder-2012-TVM.pdf,Selectable,Yes,,4734
MONSTERS-OF-THE-MIDWAY-Jeff-Lowell.pdf,./sorted_output/Selectable/Not_Joinable/MONSTERS-OF-THE-MIDWAY-Jeff-Lowell.pdf,Selectable,No,,6168
The-Fire-Outside-Yumiko-Fujiwara-Film.pdf,./sorted_output/Selectable/Not_Joinable/The-Fire-Outside-Yumiko-Fujiwara-Film.pdf,Selectable,No,,7266
Ballast-Justin-Piasecki-Film.pdf,./sorted_output/Selectable/Not_Joinable/Ballast-Justin-Piasecki-Film.pdf,Selectable,No,,5071
PITCHFORK-Mark-Duplass-Jay-Duplass.pdf,./sorted_output/Selectable/Not_Joinable/PITCHFORK-Mark-Duplass-Jay-Duplass.pdf,Selectable,No,,4905
Go-Dark-Josh-Marentette-Spencer-Marentette-Film.pdf,./sorted_output/Selectable/Not_Joinable/Go-Dark-Josh-Marentette-Spencer-Marentette-Film.pdf,Selectable,No,,5194
WAR-GODS.pdf,./sorted_output/Selectable/Not_Joinable/WAR-GODS.pdf,Selectable,No,,6015
BloodyMary2013.pdf,./sorted_output/Selectable/Joinable/BloodyMary2013.pdf,Selectable,Yes,,6063
Cecil-B.-Demented-John-Waters-Film-6-1-1998.pdf,./sorted_output/Selectable/Joinable/Cecil-B.-Demented-John-Waters-Film-6-1-1998.pdf,Selectable,Yes,,9090
BLACK-RIVER-by-Ransom-Riggs.pdf,./sorted_output/Selectable/Not_Joinable/BLACK-RIVER-by-Ransom-Riggs.pdf,Selectable,No,,2897
THE-FOURTH-DAY-Alyssa-Alexandria-01-01-11.pdf,./sorted_output/Selectable/Not_Joinable/THE-FOURTH-DAY-Alyssa-Alexandria-01-01-11.pdf,Selectable,No,,5144
YOUR-NEW-BEST-FRIEND-Donohue-Eirene.pdf,./sorted_output/Selectable/Not_Joinable/YOUR-NEW-BEST-FRIEND-Donohue-Eirene.pdf,Selectable,No,,4480
IRON-GIRL-Brandon-Boyce.pdf,./sorted_output/Selectable/Not_Joinable/IRON-GIRL-Brandon-Boyce.pdf,Selectable,No,,5511
Bermuda-by-Nathan-Brookes-Bobby-Lee-Darby-12-12-2011.pdf,./sorted_output/Selectable/Joinable/Bermuda-by-Nathan-Brookes-Bobby-Lee-Darby-12-12-2011.pdf,Selectable,Yes,,4195
The-Heroes-of-Desert-Storm-1991-TVM.pdf,./sorted_output/OCR/Obscured_OCR/The-Heroes-of-Desert-Storm-1991-TVM.pdf,OCR,Unknown,Obscured_OCR,0
Strawberry-Mansion-2021.pdf,./sorted_output/Selectable/Joinable/Strawberry-Mansion-2021.pdf,Selectable,Yes,,5170
Believe-Me-Dreux-Moreland-Hannah-Mescon-Film.pdf,./sorted_output/Selectable/Not_Joinable/Believe-Me-Dreux-Moreland-Hannah-Mescon-Film.pdf,Selectable,No,,5364
Cauliflower-Daniel-Jackson-Film.pdf,./sorted_output/Selectable/Not_Joinable/Cauliflower-Daniel-Jackson-Film.pdf,Selectable,No,,3894
Marvellous-2014-TVM.pdf,./sorted_output/Selectable/Joinable/Marvellous-2014-TVM.pdf,Selectable,Yes,,5449
No-Quarter-May-2013.pdf,./sorted_output/Selectable/Joinable/No-Quarter-May-2013.pdf,Selectable,Yes,,4053
The-Girl-With-The-Red-Riding-Hood-David-Leslie-Johnson-Film-7-16-2009.pdf,./sorted_output/Selectable/Joinable/The-Girl-With-The-Red-Riding-Hood-David-Leslie-Johnson-Film-7-16-2009.pdf,Selectable,Yes,,7662
Lift-Daniel-Kunka-Film.pdf,./sorted_output/Selectable/Not_Joinable/Lift-Daniel-Kunka-Film.pdf,Selectable,No,,5274
Star-Blazers-Unproduced-Tab-Murphy-09-10-1997.pdf,./sorted_output/OCR/Obscured_OCR/Star-Blazers-Unproduced-Tab-Murphy-09-10-1997.pdf,OCR,Unknown,Obscured_OCR,0
Snakes-on-a-Plane-2006.pdf,./sorted_output/OCR/Obscured_OCR/Snakes-on-a-Plane-2006.pdf,OCR,Unknown,Obscured_OCR,0
Lost_In_Space.pdf,./sorted_output/Selectable/Not_Joinable/Lost_In_Space.pdf,Selectable,No,,6470
From-a-Little-Acorn-Grows-Laura-Kosann-Film.pdf,./sorted_output/Selectable/Not_Joinable/From-a-Little-Acorn-Grows-Laura-Kosann-Film.pdf,Selectable,No,,3090
Cruel-Intentions-Roger-Kumble-Film-2-10-1998.pdf,./sorted_output/Selectable/Joinable/Cruel-Intentions-Roger-Kumble-Film-2-10-1998.pdf,Selectable,Yes,,9287
PLAN_C_-_Stephanie_Koff_Scott_Mednick.pdf,./sorted_output/Selectable/Not_Joinable/PLAN_C_-_Stephanie_Koff_Scott_Mednick.pdf,Selectable,No,,5506
A-Nice-Indian-Boy-Eric-Randall-Film-1-5-2021.pdf,./sorted_output/Selectable/Joinable/A-Nice-Indian-Boy-Eric-Randall-Film-1-5-2021.pdf,Selectable,Yes,,4389
House-of-Gucci-Becky-Johnston-Roberto-Bentivegna-Film.pdf,./sorted_output/Selectable/Not_Joinable/House-of-Gucci-Becky-Johnston-Roberto-Bentivegna-Film.pdf,Selectable,No,,5678
Divorce-Party-Rebecca-Webb-Film-10-1-2021.pdf,./sorted_output/Selectable/Joinable/Divorce-Party-Rebecca-Webb-Film-10-1-2021.pdf,Selectable,Yes,,5422
Secret-of-the-Alcatraz-Gold-Cory-Byam-5-5-11.pdf,./sorted_output/Selectable/Not_Joinable/Secret-of-the-Alcatraz-Gold-Cory-Byam-5-5-11.pdf,Selectable,No,,4773
SEVEN-MINUTES-Jay-Martin-6-27-11.pdf,./sorted_output/Selectable/Not_Joinable/SEVEN-MINUTES-Jay-Martin-6-27-11.pdf,Selectable,No,,5623
MESSAGE_FROM_MELVIN.pdf,./sorted_output/Selectable/Not_Joinable/MESSAGE_FROM_MELVIN.pdf,Selectable,No,,6503
YOUNG-AGATHA-12-25-12-Jamie-Dawson.pdf,./sorted_output/Selectable/Not_Joinable/YOUNG-AGATHA-12-25-12-Jamie-Dawson.pdf,Selectable,No,,5571
Dish-Dogs-Ashley-Scott-Meyers-Nathan-Ives-Film-11-1-1996.pdf,./sorted_output/Selectable/Joinable/Dish-Dogs-Ashley-Scott-Meyers-Nathan-Ives-Film-11-1-1996.pdf,Selectable,Yes,,5693
near-dark-1987.pdf,./sorted_output/Selectable/Joinable/near-dark-1987.pdf,Selectable,Yes,,4720
Blue-Slide-Park-Kyle-Anderson-Michael-Vlamis-Film.pdf,./sorted_output/Selectable/Not_Joinable/Blue-Slide-Park-Kyle-Anderson-Michael-Vlamis-Film.pdf,Selectable,No,,4528
Black-Bryan-Bertino-Film.pdf,./sorted_output/OCR/Obscured_OCR/Black-Bryan-Bertino-Film.pdf,OCR,Unknown,Obscured_OCR,6
The-Swells-Rachel-James-Film.pdf,./sorted_output/Selectable/Not_Joinable/The-Swells-Rachel-James-Film.pdf,Selectable,No,,4396
Coda-Sian-Heder-Film.pdf,./sorted_output/Selectable/Not_Joinable/Coda-Sian-Heder-Film.pdf,Selectable,No,,5151
Gone-Bryan-Hill.pdf,./sorted_output/OCR/Obscured_OCR/Gone-Bryan-Hill.pdf,OCR,Unknown,Obscured_OCR,0
FIRELINE-Adam-Morrison-03-01-11.pdf,./sorted_output/Selectable/Not_Joinable/FIRELINE-Adam-Morrison-03-01-11.pdf,Selectable,No,,5346
Two-Days-to-Live-Sept15.pdf,./sorted_output/Selectable/Not_Joinable/Two-Days-to-Live-Sept15.pdf,Selectable,No,,5620
ANDROID-9-12-11.pdf,./sorted_output/Selectable/Not_Joinable/ANDROID-9-12-11.pdf,Selectable,No,,16738
Dude_Ranch_by_Kate_Wiswell_final.pdf,./sorted_output/Selectable/Not_Joinable/Dude_Ranch_by_Kate_Wiswell_final.pdf,Selectable,No,,6124
The-Lost-Daughter-Maggie-Gyllenhaal-Film.pdf,./sorted_output/Selectable/Not_Joinable/The-Lost-Daughter-Maggie-Gyllenhaal-Film.pdf,Selectable,No,,4559
XOXO-Mark-Heyman-04-21-11.pdf,./sorted_output/Selectable/Not_Joinable/XOXO-Mark-Heyman-04-21-11.pdf,Selectable,No,,2811
Guardians-of-the-Mythic-Vault-Daniel-Persitz-03_11_11.pdf,./sorted_output/Selectable/Not_Joinable/Guardians-of-the-Mythic-Vault-Daniel-Persitz-03_11_11.pdf,Selectable,No,,4481
Epiphany-May-2011.pdf,./sorted_output/Selectable/Joinable/Epiphany-May-2011.pdf,Selectable,Yes,,6086
